ID,種類,地域,市区町村コード,都道府県名,市区町村名,地区名,最寄駅：名称,最寄駅：距離（分）,間取り,面積（㎡）,土地の形状,間口,延床面積（㎡）,建築年,建物の構造,用途,今後の利用目的,前面道路：方位,前面道路：種類,前面道路：幅員（ｍ）,都市計画,建ぺい率（％）,容積率（％）,取引時点,改装,取引の事情等,取引価格（総額）_log
39024747,中古マンション等,,39201,高知県,高知市,比島町,土佐一宮,13,４ＬＤＫ,75,,,,平成5年,ＳＲＣ,住宅,,,,,第１種住居地域,60.0,200.0,2009年第４四半期,改装済,,7.0
39009527,中古マンション等,,39201,高知県,高知市,比島町,高知,10,３ＬＤＫ,65,,,,平成4年,ＳＲＣ,住宅,住宅,,,,近隣商業地域,80.0,200.0,2017年第３四半期,未改装,,7.176091259055681
39024352,中古マンション等,,39201,高知県,高知市,鴨部,旭(高知),21,４ＬＤＫ,70,,,,平成6年,ＲＣ,住宅,,,,,準工業地域,60.0,200.0,2009年第３四半期,未改装,調停・競売等,6.799340549453582
39021796,中古マンション等,,39201,高知県,高知市,北本町,高知,6,４ＬＤＫ,75,,,,昭和59年,ＳＲＣ,住宅,,,,,商業地域,80.0,400.0,2013年第２四半期,未改装,,6.763427993562937
39024214,中古マンション等,,39201,高知県,高知市,愛宕山,高知,16,４ＬＤＫ,115,,,,,ＲＣ,住宅,,,,,第１種中高層住居専用地域,60.0,200.0,2009年第４四半期,改装済,,7.556302500767288
39006910,中古マンション等,,39201,高知県,高知市,鴨部,旭(高知),21,２ＬＤＫ,70,,,,昭和52年,ＳＲＣ,住宅,住宅,,,,第１種住居地域,60.0,200.0,2019年第２四半期,改装済,,7.113943352306837
39000164,中古マンション等,,39201,高知県,高知市,鴨部,高知商業前,23,３ＬＤＫ,80,,,,平成14年,ＳＲＣ,住宅,住宅,,,,準工業地域,60.0,200.0,2014年第２四半期,未改装,,7.176091259055681
39000436,中古マンション等,,39201,高知県,高知市,針木東町,朝倉(ＪＲ),30分?60分,３ＬＤＫ,65,,,,,ＲＣ,住宅,住宅,,,,第１種中高層住居専用地域,60.0,200.0,2014年第４四半期,改装済,,6.763427993562937
39013732,中古マンション等,,39201,高知県,高知市,薊野西町,薊野,5,４ＬＤＫ,95,,,,平成17年,ＳＲＣ,住宅,,,,,第２種住居地域,60.0,200.0,2012年第４四半期,未改装,,7.278753600952829
39022268,中古マンション等,,39201,高知県,高知市,比島町,高知,15,３ＬＤＫ,65,,,,平成5年,ＳＲＣ,住宅,,,,,第１種住居地域,60.0,200.0,2013年第１四半期,改装済,,7.113943352306837
39003279,中古マンション等,,39201,高知県,高知市,一宮東町,土佐一宮,16,３ＬＤＫ,70,,,,昭和61年,ＲＣ,住宅,,,,,準工業地域,60.0,200.0,2011年第４四半期,改装済,,6.845098040014257
39027307,中古マンション等,,39201,高知県,高知市,一ツ橋町,入明,15,３ＬＤＫ,55,,,,平成6年,ＲＣ,住宅,,,,,,,,2007年第３四半期,未改装,,6.778151250383644
39007656,中古マンション等,,39201,高知県,高知市,桟橋通,桟橋通五丁目,7,３ＬＤＫ,65,,,,平成13年,ＳＲＣ,住宅,住宅,,,,商業地域,80.0,400.0,2019年第１四半期,改装済,,7.079181246047625
39024580,中古マンション等,,39201,高知県,高知市,中宝永町,,,３ＬＤＫ,60,,,,,ＳＲＣ,住宅,,,,,,,,2009年第４四半期,未改装,,6.968482948553935
39003733,中古マンション等,,39201,高知県,高知市,神田,旭(高知),30分?60分,２ＤＫ,35,,,,昭和59年,鉄骨造,住宅,,,,,第１種中高層住居専用地域,60.0,200.0,2011年第４四半期,未改装,,5.6020599913279625
39010243,中古マンション等,,39201,高知県,高知市,六泉寺町,高知,30分?60分,５ＬＤＫ,155,,,,平成10年,ＲＣ,,住宅,,,,第１種住居地域,60.0,200.0,2019年第３四半期,未改装,,7.3222192947339195
39006952,中古マンション等,,39201,高知県,高知市,鴨部,旭(高知),19,４ＬＤＫ,70,,,,平成6年,ＲＣ,住宅,住宅,,,,第１種中高層住居専用地域,60.0,200.0,2015年第３四半期,未改装,,7.041392685158225
39000183,中古マンション等,,39201,高知県,高知市,北本町,高知,8,２ＬＤＫ,80,,,,平成21年,ＲＣ,住宅,住宅,,,,,,,2014年第２四半期,,,7.278753600952829
39007554,中古マンション等,,39201,高知県,高知市,堺町,高知,13,１ＬＤＫ,30,,,,昭和63年,ＳＲＣ,住宅,住宅,,,,商業地域,80.0,500.0,2016年第１四半期,未改装,,6.6020599913279625
39024383,中古マンション等,,39201,高知県,高知市,北本町,高知,5,３ＬＤＫ,65,,,,昭和58年,ＳＲＣ,住宅,,,,,商業地域,80.0,400.0,2009年第１四半期,未改装,,6.8750612633917
39001108,中古マンション等,,39201,高知県,高知市,鴨部,旭(高知),15,３ＬＤＫ,70,,,,昭和52年,ＳＲＣ,住宅,,,,,第１種住居地域,60.0,200.0,2010年第１四半期,改装済,,6.913813852383717
39024375,中古マンション等,,39201,高知県,高知市,北本町,高知,7,３ＬＤＫ,80,,,,平成20年,ＲＣ,住宅,,,,,近隣商業地域,80.0,300.0,2009年第３四半期,未改装,,7.301029995663981
39002046,中古マンション等,,39201,高知県,高知市,南御座,高知,26,４ＬＤＫ,90,,,,平成16年,ＲＣ,住宅,,,,,準工業地域,60.0,200.0,2010年第１四半期,未改装,,7.204119982655925
39015429,中古マンション等,,39201,高知県,高知市,桜馬場,入明,11,１ＤＫ,20,,,,平成4年,ＳＲＣ,住宅,,,,,近隣商業地域,80.0,300.0,2012年第１四半期,改装済,,6.505149978319906
39007657,中古マンション等,,39201,高知県,高知市,桟橋通,桟橋通五丁目,6,３ＬＤＫ,65,,,,平成13年,ＳＲＣ,住宅,住宅,,,,,,,2015年第１四半期,,,6.973127853599698
39010003,中古マンション等,,39201,高知県,高知市,南御座,高知,24,３ＬＤＫ＋Ｓ,75,,,,平成16年,ＲＣ,住宅,住宅,,,,準工業地域,60.0,200.0,2016年第４四半期,改装済,,7.278753600952829
39026691,中古マンション等,,39201,高知県,高知市,鴨部,旭(高知),21,２ＬＤＫ,70,,,,平成14年,ＳＲＣ,住宅,,,,,第１種中高層住居専用地域,60.0,200.0,2008年第４四半期,未改装,,7.041392685158225
39022027,中古マンション等,,39201,高知県,高知市,桟橋通,高知,30分?60分,４ＬＤＫ,80,,,,平成13年,ＳＲＣ,住宅,,,,,商業地域,80.0,400.0,2013年第４四半期,改装済,,7.041392685158225
39026678,中古マンション等,,39201,高知県,高知市,上町,円行寺口,17,１Ｋ,20,,,,平成3年,ＲＣ,住宅,,,,,第１種住居地域,60.0,200.0,2008年第４四半期,改装済,,6.6127838567197355
39009830,中古マンション等,,39201,高知県,高知市,本町,高知,26,３ＬＤＫ,75,,,,,ＲＣ,住宅,住宅,,,,,,,2017年第３四半期,,,7.462397997898956
39004445,中古マンション等,,39201,高知県,高知市,升形,円行寺口,21,３ＬＤＫ,65,,,,平成8年,ＲＣ,住宅,,,,,第１種住居地域,60.0,200.0,2011年第４四半期,改装済,,7.041392685158225
39000262,中古マンション等,,39201,高知県,高知市,桜馬場,入明,11,３Ｋ,40,,,,平成4年,ＳＲＣ,住宅,,,,,近隣商業地域,80.0,300.0,2014年第１四半期,未改装,,6.892094602690481
39014135,中古マンション等,,39201,高知県,高知市,一宮東町,土佐一宮,16,３ＬＤＫ,75,,,,昭和61年,ＲＣ,住宅,,,,,準工業地域,60.0,200.0,2012年第１四半期,未改装,,6.799340549453582
39024744,中古マンション等,,39201,高知県,高知市,比島町,高知,14,３ＬＤＫ,70,,,,平成5年,ＳＲＣ,住宅,,,,,第１種住居地域,60.0,200.0,2009年第２四半期,未改装,調停・競売等,6.778151250383644
39021618,中古マンション等,,39201,高知県,高知市,大谷公園町,朝倉(ＪＲ),25,４ＬＤＫ,90,,,,平成8年,ＲＣ,住宅,,,,,第１種中高層住居専用地域,60.0,200.0,2013年第２四半期,未改装,,6.954242509439325
39006870,中古マンション等,,39201,高知県,高知市,上町,上町二丁目,4,１ＬＤＫ,25,,,,平成3年,ＲＣ,住宅,住宅,,,,第１種住居地域,60.0,200.0,2017年第１四半期,改装済,,6.491361693834273
39003537,中古マンション等,,39201,高知県,高知市,鴨部,高知商業前,23,２ＬＤＫ,60,,,,平成14年,ＳＲＣ,住宅,,,,,準工業地域,60.0,200.0,2011年第３四半期,改装済,,6.982271233039568
39009946,中古マンション等,,39201,高知県,高知市,みづき,円行寺口,28,４ＬＤＫ,95,,,,平成16年,ＳＲＣ,住宅,住宅,,,,第１種住居地域,60.0,200.0,2016年第１四半期,改装済,,7.2552725051033065
39024769,中古マンション等,,39201,高知県,高知市,升形,入明,20,３ＬＤＫ,70,,,,平成3年,ＲＣ,住宅,,,,,第１種住居地域,60.0,200.0,2009年第２四半期,改装済,,7.204119982655925
39003929,中古マンション等,,39201,高知県,高知市,鷹匠町,入明,20,３ＬＤＫ,110,,,,平成18年,ＲＣ,住宅,,,,,第１種住居地域,60.0,200.0,2011年第４四半期,改装済,,7.278753600952829
39024238,中古マンション等,,39201,高知県,高知市,一宮東町,土佐一宮,17,２ＬＤＫ,65,,,,平成14年,ＳＲＣ,住宅,,,,,第１種住居地域,60.0,200.0,2009年第３四半期,改装済,,7.0
39026477,中古マンション等,,39201,高知県,高知市,薊野西町,薊野,4,４ＬＤＫ,95,,,,平成17年,ＳＲＣ,住宅,,,,,第２種住居地域,60.0,200.0,2007年第４四半期,未改装,,7.342422680822207
39021470,中古マンション等,,39201,高知県,高知市,愛宕山,高知,16,３ＬＤＫ,80,,,,平成20年,ＲＣ,住宅,,,,,第１種中高層住居専用地域,60.0,200.0,2013年第１四半期,改装済,,7.3222192947339195
39006919,中古マンション等,,39201,高知県,高知市,鴨部,旭(高知),21,４ＬＤＫ＋Ｓ,75,,,,平成6年,ＲＣ,住宅、その他,住宅,,,,準工業地域,60.0,200.0,2018年第２四半期,未改装,,7.0
39009504,中古マンション等,,39201,高知県,高知市,比島町,高知,15,３ＬＤＫ,70,,,,平成5年,ＳＲＣ,住宅,住宅,,,,第１種住居地域,60.0,200.0,2020年第１四半期,改装済,,7.230448921378274
39026887,中古マンション等,,39201,高知県,高知市,桟橋通,高知,30分?60分,４ＬＤＫ,80,,,,平成13年,ＳＲＣ,住宅,,,,,商業地域,80.0,400.0,2007年第２四半期,未改装,,7.079181246047625
39003354,中古マンション等,,39201,高知県,高知市,永国寺町,入明,12,２ＬＤＫ,75,,,,平成16年,ＲＣ,住宅,,,,,商業地域,80.0,400.0,2011年第３四半期,未改装,,7.301029995663981
39024215,中古マンション等,,39201,高知県,高知市,愛宕山,高知,16,３ＬＤＫ,85,,,,平成20年,ＲＣ,住宅,,,,,第１種中高層住居専用地域,60.0,200.0,2009年第３四半期,未改装,,7.301029995663981
39027468,中古マンション等,,39201,高知県,高知市,六泉寺町,高知,30分?60分,３ＬＤＫ,85,,,,平成10年,ＲＣ,住宅,,,,,第１種住居地域,60.0,200.0,2008年第１四半期,未改装,,7.204119982655925
39000155,中古マンション等,,39201,高知県,高知市,鴨部,旭(高知),19,５ＬＤＫ,85,,,,平成6年,ＲＣ,住宅,住宅,,,,第１種中高層住居専用地域,60.0,200.0,2014年第４四半期,未改装,,7.176091259055681
39000087,中古マンション等,,39201,高知県,高知市,潮新町,高知,28,３ＬＤＫ,70,,,,平成14年,ＳＲＣ,住宅,住宅,,,,商業地域,80.0,400.0,2014年第４四半期,未改装,,7.204119982655925
39022029,中古マンション等,,39201,高知県,高知市,桟橋通,高知,20,４ＬＤＫ,80,,,,平成4年,ＳＲＣ,住宅,,,,,商業地域,80.0,400.0,2013年第４四半期,未改装,,6.832508912706237
39021396,中古マンション等,,39201,高知県,高知市,旭町,旭(高知),5,２ＬＤＫ,60,,,,昭和61年,ＳＲＣ,住宅,,,,,近隣商業地域,80.0,300.0,2013年第２四半期,未改装,,6.778151250383644
39024746,中古マンション等,,39201,高知県,高知市,比島町,高知,13,３ＬＤＫ,65,,,,平成5年,ＳＲＣ,住宅,,,,,第１種住居地域,60.0,200.0,2009年第１四半期,,,7.0
39006812,中古マンション等,,39201,高知県,高知市,上町,旭(高知),24,１ＤＫ,20,,,,平成3年,ＲＣ,住宅,住宅,,,,第１種住居地域,60.0,200.0,2015年第４四半期,未改装,,6.544068044350276
39009759,中古マンション等,,39201,高知県,高知市,二葉町,知寄町一丁目,2,３ＬＤＫ,70,,,,平成8年,ＳＲＣ,住宅,住宅,,,,準工業地域,60.0,200.0,2016年第３四半期,未改装,,6.7558748556724915
39010039,中古マンション等,,39201,高知県,高知市,南はりまや町,高知,14,３ＬＤＫ,75,,,,平成3年,ＳＲＣ,住宅,住宅,,,,商業地域,80.0,400.0,2018年第２四半期,未改装,,6.968482948553935
39007563,中古マンション等,,39201,高知県,高知市,栄田町,高知,2,,60,,,,平成29年,ＲＣ,,その他,,,,近隣商業地域,80.0,300.0,2018年第１四半期,,,7.3979400086720375
39003360,中古マンション等,,39201,高知県,高知市,越前町,円行寺口,6,３ＬＤＫ,75,,,,平成22年,ＲＣ,住宅,,,,,近隣商業地域,80.0,300.0,2011年第３四半期,未改装,,7.491361693834273
39007102,中古マンション等,,39201,高知県,高知市,北本町,高知,6,３ＬＤＫ,105,,,,平成21年,ＲＣ,住宅,住宅,,,,近隣商業地域,80.0,300.0,2015年第１四半期,未改装,,7.477121254719663
39006637,中古マンション等,,39201,高知県,高知市,小津町,入明,5,２ＤＫ,60,,,,平成25年,,,住宅,,,,第１種住居地域,60.0,200.0,2018年第４四半期,未改装,,7.361727836017593
39006817,中古マンション等,,39201,高知県,高知市,上町,円行寺口,18,１Ｋ,20,,,,平成3年,ＲＣ,住宅,住宅,,,,第１種住居地域,60.0,200.0,2020年第２四半期,未改装,,6.57978359661681
39007552,中古マンション等,,39201,高知県,高知市,堺町,高知,14,１Ｋ,35,,,,,ＳＲＣ,住宅,住宅,,,,,,,2016年第３四半期,改装済,,6.6020599913279625
39001787,中古マンション等,,39201,高知県,高知市,針木東町,朝倉(ＪＲ),24,３ＬＤＫ,70,,,,昭和59年,ＲＣ,住宅,,,,,第１種中高層住居専用地域,60.0,200.0,2010年第１四半期,改装済,,6.832508912706237
39002013,中古マンション等,,39201,高知県,高知市,みづき,円行寺口,28,３ＬＤＫ,75,,,,平成16年,ＳＲＣ,住宅,,,,,第１種住居地域,60.0,200.0,2010年第２四半期,未改装,,7.146128035678238
39000595,中古マンション等,,39201,高知県,高知市,南ノ丸町,高知,30分?60分,,45,,,,昭和60年,ＳＲＣ,住宅,住宅,,,,工業地域,60.0,200.0,2014年第４四半期,改装済,,6.3979400086720375
39001486,中古マンション等,,39201,高知県,高知市,鷹匠町,入明,20,３ＬＤＫ,70,,,,昭和63年,ＳＲＣ,住宅,,,,,商業地域,80.0,400.0,2010年第４四半期,未改装,,7.079181246047625
39006827,中古マンション等,,39201,高知県,高知市,上町,円行寺口,18,１ＤＫ,25,,,,平成3年,ＲＣ,住宅,住宅,,,,第１種住居地域,60.0,200.0,2019年第１四半期,未改装,,6.633468455579586
39000140,中古マンション等,,39201,高知県,高知市,葛島,高知,30分?60分,３ＬＤＫ,95,,,,平成15年,ＳＲＣ,住宅,,,,,準工業地域,60.0,200.0,2014年第１四半期,改装済,,7.361727836017593
39009513,中古マンション等,,39201,高知県,高知市,比島町,高知,10,２ＬＤＫ＋Ｓ,65,,,,平成4年,ＳＲＣ,住宅,住宅,,,,近隣商業地域,80.0,200.0,2019年第１四半期,改装済,,7.146128035678238
39026601,中古マンション等,,39201,高知県,高知市,大谷公園町,朝倉(ＪＲ),25,４ＬＤＫ,70,,,,平成8年,ＲＣ,住宅,,,,,第１種中高層住居専用地域,60.0,200.0,2008年第１四半期,未改装,,6.968482948553935
39006612,中古マンション等,,39201,高知県,高知市,追手筋,高知,18,３ＬＤＫ,65,,,,昭和55年,ＳＲＣ,,住宅,,,,商業地域,80.0,500.0,2020年第２四半期,,,6.6127838567197355
39009537,中古マンション等,,39201,高知県,高知市,比島町,高知,15,４ＬＤＫ,75,,,,平成5年,ＳＲＣ,住宅,,,,,第１種住居地域,60.0,200.0,2016年第１四半期,改装済,,7.204119982655925
39000151,中古マンション等,,39201,高知県,高知市,上町,円行寺口,17,１ＤＫ,20,,,,,ＲＣ,住宅,住宅,,,,,,,2014年第３四半期,未改装,,6.5910646070264995
39007090,中古マンション等,,39201,高知県,高知市,北本町,高知,6,,85,,,,平成20年,ＲＣ,住宅,住宅,,,,近隣商業地域,80.0,300.0,2016年第４四半期,未改装,,7.361727836017593
39022028,中古マンション等,,39201,高知県,高知市,桟橋通,高知,25,４ＬＤＫ,80,,,,,ＳＲＣ,住宅,,,,,商業地域,80.0,400.0,2013年第４四半期,未改装,,6.929418925714293
39005774,中古マンション等,,39201,高知県,高知市,旭町,旭(高知),6,３ＬＤＫ,70,,,,昭和61年,ＳＲＣ,住宅,住宅,,,,近隣商業地域,80.0,200.0,2016年第２四半期,改装済,,7.079181246047625
39000159,中古マンション等,,39201,高知県,高知市,鴨部,旭(高知),1,４ＬＤＫ,70,,,,平成6年,ＲＣ,住宅,住宅,,,,準工業地域,60.0,200.0,2014年第２四半期,未改装,,6.929418925714293
39000438,中古マンション等,,39201,高知県,高知市,針木東町,朝倉(ＪＲ),30分?60分,３ＬＤＫ,80,,,,平成15年,ＳＲＣ,住宅,,,,,準工業地域,60.0,200.0,2014年第１四半期,未改装,,7.079181246047625
39003365,中古マンション等,,39201,高知県,高知市,越前町,円行寺口,6,３ＬＤＫ,75,,,,平成22年,ＲＣ,住宅,,,,,近隣商業地域,80.0,300.0,2011年第２四半期,改装済,,7.491361693834273
39021753,中古マンション等,,39201,高知県,高知市,鴨部,旭(高知),16,４ＬＤＫ,70,,,,昭和52年,ＳＲＣ,住宅,,,,,第１種住居地域,60.0,200.0,2013年第３四半期,未改装,,6.477121254719663
39000418,中古マンション等,,39201,高知県,高知市,廿代町,堀詰,9,２ＤＫ,45,,,,昭和63年,ＳＲＣ,住宅,住宅,,,,商業地域,80.0,400.0,2014年第４四半期,,,6.929418925714293
39021769,中古マンション等,,39201,高知県,高知市,鴨部,高知商業前,23,３ＬＤＫ,75,,,,平成14年,ＳＲＣ,住宅,,,,,準工業地域,60.0,200.0,2013年第２四半期,未改装,,7.0
39006871,中古マンション等,,39201,高知県,高知市,上町,上町二丁目,4,１Ｋ,20,,,,平成3年,ＲＣ,住宅,住宅,,,,第１種住居地域,60.0,200.0,2016年第２四半期,未改装,,6.4623979978989565
39000261,中古マンション等,,39201,高知県,高知市,桜馬場,入明,11,２ＤＫ,40,,,,平成4年,ＳＲＣ,住宅,住宅,,,,近隣商業地域,80.0,300.0,2014年第３四半期,未改装,,6.724275869600789
39015269,中古マンション等,,39201,高知県,高知市,神田,旭(高知),28,２ＤＫ,30,,,,昭和59年,鉄骨造,住宅,,,,,第１種中高層住居専用地域,60.0,200.0,2012年第４四半期,改装済,,6.2552725051033065
39024386,中古マンション等,,39201,高知県,高知市,北本町,,,３ＬＤＫ,95,,,,,ＲＣ,住宅,,,,,,,,2009年第２四半期,未改装,,7.431363764158987
39006259,中古マンション等,,39201,高知県,高知市,一宮東町,土佐一宮,18,３ＬＤＫ,70,,,,平成14年,ＳＲＣ,住宅,住宅,,,,準工業地域,60.0,200.0,2020年第２四半期,未改装,,7.146128035678238
39003541,中古マンション等,,39201,高知県,高知市,鴨部,高知商業前,20,２ＬＤＫ,60,,,,平成14年,ＳＲＣ,住宅,,,,,第１種中高層住居専用地域,60.0,200.0,2011年第１四半期,未改装,,6.977723605288848
39003358,中古マンション等,,39201,高知県,高知市,越前町,円行寺口,6,３ＬＤＫ,65,,,,平成22年,ＲＣ,住宅,,,,,近隣商業地域,80.0,300.0,2011年第４四半期,改装済,,7.414973347970818
39002968,中古マンション等,,39201,高知県,高知市,朝倉,朝倉(ＪＲ),29,３ＬＤＫ,70,,,,昭和62年,ＲＣ,住宅,,,,,第１種中高層住居専用地域,60.0,200.0,2011年第３四半期,未改装,,6.812913356642856
39009960,中古マンション等,,39201,高知県,高知市,南川添,高知,26,３ＬＤＫ,65,,,,平成31年,ＲＣ,,住宅,,,,準工業地域,60.0,200.0,2020年第２四半期,,,7.477121254719663
39024387,中古マンション等,,39201,高知県,高知市,北本町,,,４ＬＤＫ,100,,,,,ＲＣ,住宅,,,,,,,,2009年第１四半期,未改装,,7.380211241711606
39009911,中古マンション等,,39201,高知県,高知市,丸ノ内,入明,13,３ＬＤＫ,80,,,,,ＲＣ,住宅,住宅,,,,商業地域,80.0,400.0,2019年第１四半期,未改装,,7.301029995663981
39006923,中古マンション等,,39201,高知県,高知市,鴨部,旭(高知),15,４ＤＫ,70,,,,昭和52年,ＳＲＣ,住宅,住宅,,,,第１種住居地域,60.0,200.0,2017年第４四半期,未改装,,6.681241237375588
39009887,中古マンション等,,39201,高知県,高知市,升形,高知,26,１ＤＫ,20,,,,,ＳＲＣ,住宅,,,,,商業地域,80.0,400.0,2015年第４四半期,未改装,,6.5910646070264995
39027136,中古マンション等,,39201,高知県,高知市,廿代町,高知,11,１Ｋ,20,,,,昭和63年,ＳＲＣ,住宅,,,,,商業地域,80.0,400.0,2007年第４四半期,改装済,,6.6020599913279625
39014240,中古マンション等,,39201,高知県,高知市,永国寺町,入明,12,２ＬＤＫ,75,,,,平成16年,ＲＣ,住宅,,,,,第１種住居地域,60.0,200.0,2012年第２四半期,未改装,,7.278753600952829
39008901,中古マンション等,,39201,高知県,高知市,針木東町,朝倉(ＪＲ),30分?60分,３ＬＤＫ,80,,,,平成14年,ＳＲＣ,住宅,住宅,,,,準工業地域,60.0,200.0,2016年第２四半期,改装済,,7.176091259055681
39027164,中古マンション等,,39201,高知県,高知市,針木東町,朝倉(ＪＲ),30分?60分,３ＬＤＫ,80,,,,平成15年,ＳＲＣ,住宅,,,,,準工業地域,60.0,200.0,2007年第３四半期,改装済,,7.2552725051033065
39024189,中古マンション等,,39201,高知県,高知市,旭町,旭(高知),6,３ＬＤＫ,75,,,,昭和62年,ＳＲＣ,住宅,,,,,近隣商業地域,80.0,300.0,2009年第１四半期,改装済,,7.176091259055681
39008640,中古マンション等,,39201,高知県,高知市,縄手町,旭(高知),8,３ＬＤＫ,75,,,,,,,住宅,,,,,,,2019年第２四半期,,,6.919078092376074
39003007,中古マンション等,,39201,高知県,高知市,朝倉西町,朝倉(ＪＲ),25,４ＬＤＫ,70,,,,平成3年,ＲＣ,住宅,,,,,,,,2011年第１四半期,未改装,,6.8750612633917
39000160,中古マンション等,,39201,高知県,高知市,鴨部,旭(高知),15,２ＬＤＫ,60,,,,昭和52年,ＳＲＣ,住宅,住宅,,,,第２種中高層住居専用地域,60.0,150.0,2014年第２四半期,未改装,,6.778151250383644
39022189,中古マンション等,,39201,高知県,高知市,廿代町,高知,12,１Ｋ,20,,,,平成2年,ＳＲＣ,住宅,,,,,商業地域,80.0,400.0,2013年第４四半期,未改装,,6.477121254719663
39006925,中古マンション等,,39201,高知県,高知市,鴨部,旭(高知),19,４ＬＤＫ,70,,,,平成6年,ＲＣ,住宅,住宅,,,,第１種中高層住居専用地域,60.0,200.0,2017年第２四半期,未改装,,7.0
39006934,中古マンション等,,39201,高知県,高知市,鴨部,旭(高知),15,２ＬＤＫ,70,,,,昭和52年,ＳＲＣ,住宅,,,,,第１種住居地域,60.0,200.0,2016年第４四半期,,,7.079181246047625
39014258,中古マンション等,,39201,高知県,高知市,越前町,円行寺口,6,３ＬＤＫ,65,,,,平成22年,ＲＣ,住宅,,,,,近隣商業地域,80.0,300.0,2012年第３四半期,改装済,,7.2552725051033065
39015427,中古マンション等,,39201,高知県,高知市,桜馬場,入明,11,１ＤＫ,20,,,,平成4年,ＳＲＣ,住宅,,,,,近隣商業地域,80.0,300.0,2012年第２四半期,未改装,,6.447158031342219
39006930,中古マンション等,,39201,高知県,高知市,鴨部,旭(高知),15,３ＬＤＫ,70,,,,昭和52年,ＳＲＣ,住宅,住宅,,,,第１種中高層住居専用地域,60.0,200.0,2017年第１四半期,,,6.991226075692495
39005830,中古マンション等,,39201,高知県,高知市,薊野西町,薊野,5,４ＬＤＫ,95,,,,平成17年,ＳＲＣ,住宅,住宅,,,,第２種住居地域,60.0,200.0,2019年第２四半期,未改装,,7.3979400086720375
39024377,中古マンション等,,39201,高知県,高知市,北本町,高知,6,４ＬＤＫ,65,,,,昭和58年,ＳＲＣ,住宅,,,,,商業地域,80.0,400.0,2009年第２四半期,未改装,,7.0
39003357,中古マンション等,,39201,高知県,高知市,越前町,円行寺口,6,２ＬＤＫ,70,,,,平成22年,ＲＣ,住宅,,,,,近隣商業地域,80.0,300.0,2011年第４四半期,改装済,,7.3979400086720375
39026687,中古マンション等,,39201,高知県,高知市,鴨部,朝倉(ＪＲ),28,３ＬＤＫ,70,,,,昭和52年,ＳＲＣ,住宅,,,,,第１種住居地域,60.0,200.0,2008年第３四半期,未改装,,6.518513939877887
39006968,中古マンション等,,39201,高知県,高知市,鴨部,高知商業前,18,,70,,,,,ＳＲＣ,住宅,住宅,,,,,,,2017年第４四半期,改装済,,6.959041392321094
39017636,中古マンション等,,39201,高知県,高知市,南はりまや町,高知,13,１Ｋ,20,,,,平成3年,ＳＲＣ,住宅,,,,,商業地域,80.0,400.0,2012年第２四半期,未改装,調停・競売等,6.342422680822207
39024741,中古マンション等,,39201,高知県,高知市,比島町,高知,13,４ＬＤＫ,110,,,,平成5年,ＳＲＣ,住宅,,,,,第１種住居地域,60.0,200.0,2009年第３四半期,未改装,,7.301029995663981
39004165,中古マンション等,,39201,高知県,高知市,廿代町,高知,11,,25,,,,平成2年,ＳＲＣ,住宅,,,,,商業地域,80.0,500.0,2011年第３四半期,未改装,,6.3222192947339195
39005831,中古マンション等,,39201,高知県,高知市,薊野西町,薊野,4,２ＬＤＫ,65,,,,平成17年,ＳＲＣ,住宅,住宅,,,,第２種住居地域,60.0,200.0,2019年第１四半期,未改装,,7.176091259055681
39026472,中古マンション等,,39201,高知県,高知市,薊野西町,薊野,5,３ＬＤＫ,75,,,,平成17年,ＲＣ,住宅,,,,,第２種住居地域,60.0,200.0,2008年第２四半期,未改装,調停・競売等,7.113943352306837
39027420,中古マンション等,,39201,高知県,高知市,南はりまや町,高知,14,１Ｋ,20,,,,平成3年,ＳＲＣ,住宅,,,,,商業地域,80.0,400.0,2008年第３四半期,未改装,,6.301029995663981
39017631,中古マンション等,,39201,高知県,高知市,南はりまや町,高知,13,１Ｋ,20,,,,平成3年,ＳＲＣ,住宅,,,,,商業地域,80.0,400.0,2012年第４四半期,未改装,,6.079181246047625
39005762,中古マンション等,,39201,高知県,高知市,旭町,旭(高知),6,３ＬＤＫ,75,,,,昭和61年,ＳＲＣ,,住宅,,,,近隣商業地域,80.0,200.0,2019年第２四半期,改装済,,7.2552725051033065
39026724,中古マンション等,,39201,高知県,高知市,北本町,高知,7,４ＬＤＫ,100,,,,平成20年,ＲＣ,住宅,,,,,近隣商業地域,80.0,300.0,2008年第４四半期,,,7.414973347970818
39004384,中古マンション等,,39201,高知県,高知市,比島町,土佐一宮,13,３ＬＤＫ,70,,,,平成5年,ＳＲＣ,住宅,,,,,第１種住居地域,60.0,200.0,2011年第１四半期,未改装,,7.079181246047625
39009562,中古マンション等,,39201,高知県,高知市,一ツ橋町,高知,20,３ＬＤＫ,60,,,,平成6年,ＲＣ,住宅,住宅,,,,第２種住居地域,60.0,200.0,2016年第１四半期,未改装,,7.0
39007569,中古マンション等,,39201,高知県,高知市,相模町,入明,8,２ＬＤＫ,65,,,,平成15年,ＲＣ,住宅,住宅,,,,第１種中高層住居専用地域,60.0,200.0,2018年第２四半期,未改装,,7.278753600952829
39022273,中古マンション等,,39201,高知県,高知市,一ツ橋町,入明,15,２ＤＫ,55,,,,平成6年,ＲＣ,住宅,,,,,第２種住居地域,60.0,200.0,2013年第１四半期,,,6.892094602690481
39009996,中古マンション等,,39201,高知県,高知市,南御座,高知,25,３ＬＤＫ,65,,,,平成16年,,,その他,,,,準工業地域,60.0,200.0,2019年第４四半期,未改装,,7.301029995663981
39005489,中古マンション等,,39201,高知県,高知市,朝倉,朝倉(ＪＲ),30分?60分,,70,,,,昭和62年,ＲＣ,住宅,住宅,,,,第１種中高層住居専用地域,60.0,200.0,2020年第１四半期,未改装,,6.892094602690481
39009834,中古マンション等,,39201,高知県,高知市,本町,高知,15,２ＬＤＫ,55,,,,平成25年,ＲＣ,住宅,住宅,,,,商業地域,80.0,600.0,2017年第１四半期,未改装,,7.361727836017593
39007610,中古マンション等,,39201,高知県,高知市,桜馬場,入明,11,１Ｋ,20,,,,平成4年,ＳＲＣ,住宅,住宅,,,,近隣商業地域,80.0,300.0,2015年第１四半期,未改装,,6.3979400086720375
39026727,中古マンション等,,39201,高知県,高知市,北本町,高知,19,４ＬＤＫ,85,,,,平成7年,ＲＣ,住宅,,,,,準工業地域,60.0,200.0,2008年第２四半期,未改装,,7.176091259055681
39006940,中古マンション等,,39201,高知県,高知市,鴨部,旭(高知),14,３ＬＤＫ,70,,,,昭和52年,ＳＲＣ,住宅,住宅,,,,第１種住居地域,60.0,200.0,2016年第３四半期,改装済,,6.903089986991944
39008169,中古マンション等,,39201,高知県,高知市,唐人町,菜園場町,5,３ＬＤＫ,85,,,,平成11年,ＲＣ,住宅,住宅,,,,商業地域,80.0,400.0,2015年第４四半期,未改装,,7.2552725051033065
39003363,中古マンション等,,39201,高知県,高知市,越前町,円行寺口,6,３ＬＤＫ,65,,,,平成22年,ＲＣ,住宅,,,,,近隣商業地域,80.0,300.0,2011年第２四半期,未改装,,7.342422680822207
39024738,中古マンション等,,39201,高知県,高知市,比島町,高知,16,３ＬＤＫ,80,,,,平成5年,ＳＲＣ,住宅,,,,,第１種住居地域,60.0,200.0,2009年第４四半期,未改装,,7.113943352306837
39007087,中古マンション等,,39201,高知県,高知市,北本町,高知,5,２ＬＤＫ,65,,,,,ＳＲＣ,住宅,住宅,,,,,,,2017年第２四半期,未改装,,6.886490725172482
39006867,中古マンション等,,39201,高知県,高知市,上町,円行寺口,17,１ＤＫ,25,,,,平成3年,ＲＣ,住宅,住宅,,,,第１種住居地域,60.0,200.0,2015年第１四半期,未改装,,6.544068044350276
39005777,中古マンション等,,39201,高知県,高知市,旭町,旭(高知),7,４ＬＤＫ,85,,,,昭和61年,ＳＲＣ,住宅,住宅,,,,近隣商業地域,80.0,300.0,2015年第４四半期,未改装,,7.041392685158225
39027161,中古マンション等,,39201,高知県,高知市,針木東町,朝倉(ＪＲ),30分?60分,３ＬＤＫ,80,,,,平成15年,ＳＲＣ,住宅,,,,,準工業地域,60.0,200.0,2008年第１四半期,未改装,,7.2552725051033065
39007991,中古マンション等,,39201,高知県,高知市,高須,高知,30分?60分,３ＬＤＫ,80,,,,平成16年,ＳＲＣ,,住宅,,,,準工業地域,60.0,200.0,2017年第３四半期,未改装,,7.204119982655925
39024380,中古マンション等,,39201,高知県,高知市,北本町,高知,7,３ＬＤＫ,80,,,,平成20年,ＲＣ,住宅,,,,,近隣商業地域,80.0,300.0,2009年第２四半期,未改装,,7.342422680822207
39000268,中古マンション等,,39201,高知県,高知市,桟橋通,高知,22,３ＬＤＫ,65,,,,昭和59年,ＳＲＣ,住宅,,,,,商業地域,80.0,400.0,2014年第１四半期,未改装,,6.778151250383644
39008902,中古マンション等,,39201,高知県,高知市,針木東町,朝倉(ＪＲ),30分?60分,３ＬＤＫ,65,,,,昭和59年,ＲＣ,住宅,住宅,,,,第１種中高層住居専用地域,60.0,200.0,2016年第２四半期,未改装,,6.698970004336019
39000814,中古マンション等,,39201,高知県,高知市,愛宕山,入明,22,４ＬＤＫ,85,,,,平成18年,ＲＣ,住宅,,,,,近隣商業地域,80.0,200.0,2010年第４四半期,未改装,,7.491361693834273
39006262,中古マンション等,,39201,高知県,高知市,一宮東町,土佐一宮,16,３ＬＤＫ,70,,,,平成14年,ＳＲＣ,住宅,住宅,,,,準工業地域,60.0,200.0,2019年第２四半期,未改装,,7.146128035678238
39010006,中古マンション等,,39201,高知県,高知市,南御座,高知,25,２ＬＤＫ,70,,,,平成14年,ＲＣ,住宅,住宅,,,,,,,2015年第１四半期,,,7.146128035678238
39005826,中古マンション等,,39201,高知県,高知市,薊野西町,薊野,5,４ＬＤＫ,95,,,,平成17年,ＳＲＣ,,住宅,,,,第２種住居地域,60.0,200.0,2020年第１四半期,,,7.414973347970818
39007647,中古マンション等,,39201,高知県,高知市,桟橋通,高知,30分?60分,４ＬＤＫ,75,,,,平成13年,ＳＲＣ,住宅,住宅,,,,商業地域,80.0,400.0,2016年第３四半期,未改装,,7.041392685158225
39027359,中古マンション等,,39201,高知県,高知市,二葉町,高知,30分?60分,３ＬＤＫ,70,,,,昭和49年,ＳＲＣ,住宅,,,,,準工業地域,60.0,200.0,2008年第２四半期,未改装,,6.544068044350276
39027418,中古マンション等,,39201,高知県,高知市,南ノ丸町,高知,30分?60分,１ＬＤＫ,40,,,,昭和49年,ＳＲＣ,住宅,,,,,工業地域,60.0,200.0,2007年第４四半期,改装済,,6.361727836017593
39006396,中古マンション等,,39201,高知県,高知市,越前町,円行寺口,6,３ＬＤＫ,65,,,,平成22年,ＲＣ,住宅,住宅,,,,近隣商業地域,80.0,300.0,2016年第３四半期,未改装,,7.2552725051033065
39024384,中古マンション等,,39201,高知県,高知市,北本町,,,３ＬＤＫ,85,,,,,ＲＣ,住宅,,,,,,,,2009年第２四半期,改装済,,7.278753600952829
39006579,中古マンション等,,39201,高知県,高知市,大津,舟戸,4,３ＬＤＫ,75,,,,平成13年,ＲＣ,住宅,住宅,,,,第１種住居地域,60.0,200.0,2017年第４四半期,未改装,,7.176091259055681
39027416,中古マンション等,,39201,高知県,高知市,南ノ丸町,高知,30分?60分,１ＤＫ,40,,,,昭和49年,ＳＲＣ,住宅,,,,,工業地域,60.0,200.0,2008年第２四半期,未改装,,6.431363764158987
39005954,中古マンション等,,39201,高知県,高知市,愛宕山,高知,16,,75,,,,,ＲＣ,住宅,住宅,,,,第１種中高層住居専用地域,60.0,200.0,2017年第３四半期,未改装,,7.361727836017593
39009541,中古マンション等,,39201,高知県,高知市,比島町,高知,15,３ＬＤＫ,65,,,,平成5年,ＳＲＣ,住宅,住宅,,,,第１種住居地域,60.0,200.0,2015年第１四半期,未改装,,6.977723605288848
39006836,中古マンション等,,39201,高知県,高知市,上町,円行寺口,16,１ＤＫ,20,,,,,ＲＣ,,住宅,,,,第１種住居地域,60.0,200.0,2018年第１四半期,未改装,,6.477121254719663
39015808,中古マンション等,,39201,高知県,高知市,鷹匠町,入明,21,３ＬＤＫ,95,,,,平成16年,ＲＣ,住宅,,,,,商業地域,80.0,400.0,2012年第２四半期,,,7.491361693834273
39006639,中古マンション等,,39201,高知県,高知市,小津町,入明,6,２ＬＤＫ,60,,,,,ＲＣ,住宅,住宅,,,,,,,2017年第２四半期,未改装,,7.2552725051033065
39022167,中古マンション等,,39201,高知県,高知市,縄手町,旭(高知),7,２ＬＤＫ,65,,,,平成19年,ＲＣ,住宅,,,,,第１種中高層住居専用地域,60.0,200.0,2013年第２四半期,,,7.146128035678238
39017629,中古マンション等,,39201,高知県,高知市,南はりまや町,高知,14,１Ｋ,20,,,,平成3年,ＳＲＣ,住宅,,,,,商業地域,80.0,400.0,2012年第４四半期,未改装,,6.342422680822207
39001025,中古マンション等,,39201,高知県,高知市,追手筋,入明,12,３ＬＤＫ,65,,,,昭和55年,ＳＲＣ,住宅,,,,,商業地域,80.0,500.0,2010年第２四半期,未改装,,6.8512583487190755
39027162,中古マンション等,,39201,高知県,高知市,針木東町,朝倉(ＪＲ),30分?60分,３ＬＤＫ,80,,,,平成15年,ＳＲＣ,住宅,,,,,準工業地域,60.0,200.0,2007年第４四半期,未改装,,7.301029995663981
39006946,中古マンション等,,39201,高知県,高知市,鴨部,旭(高知),14,３ＬＤＫ,70,,,,昭和52年,ＳＲＣ,住宅,住宅,,,,第１種住居地域,60.0,200.0,2016年第２四半期,改装済,,6.812913356642856
39001062,中古マンション等,,39201,高知県,高知市,葛島,高知,30分?60分,３ＬＤＫ,75,,,,平成15年,ＳＲＣ,住宅,,,,,準工業地域,60.0,200.0,2010年第２四半期,,,7.146128035678238
39009535,中古マンション等,,39201,高知県,高知市,比島町,高知,15,３ＬＤＫ,65,,,,平成5年,ＳＲＣ,住宅,住宅,,,,第１種住居地域,60.0,200.0,2016年第２四半期,未改装,,7.041392685158225
39005766,中古マンション等,,39201,高知県,高知市,旭町,旭(高知),6,２ＬＤＫ,70,,,,昭和61年,ＳＲＣ,,住宅,,,,近隣商業地域,80.0,200.0,2018年第３四半期,,,7.113943352306837
39004203,中古マンション等,,39201,高知県,高知市,針木東町,朝倉(ＪＲ),30分?60分,３ＬＤＫ,80,,,,平成15年,ＳＲＣ,住宅,,,,,準工業地域,60.0,200.0,2011年第１四半期,未改装,,7.146128035678238
39003355,中古マンション等,,39201,高知県,高知市,永国寺町,入明,12,２ＬＤＫ,80,,,,平成16年,ＲＣ,住宅,,,,,商業地域,80.0,400.0,2011年第２四半期,未改装,,7.230448921378274
39006962,中古マンション等,,39201,高知県,高知市,鴨部,旭(高知),14,３ＬＤＫ,70,,,,,ＳＲＣ,住宅,住宅,,,,,,,2015年第１四半期,未改装,,7.041392685158225
39007075,中古マンション等,,39201,高知県,高知市,北本町,高知,5,,370,,,,,,,事務所,,,,近隣商業地域,,,2018年第４四半期,,,7.845098040014257
39022266,中古マンション等,,39201,高知県,高知市,比島町,高知,15,３ＬＤＫ,65,,,,平成5年,ＳＲＣ,住宅,,,,,第１種住居地域,60.0,200.0,2013年第４四半期,改装済,,7.113943352306837
39027379,中古マンション等,,39201,高知県,高知市,升形,入明,16,１ＬＤＫ,50,,,,平成2年,ＳＲＣ,住宅,,,,,商業地域,80.0,500.0,2008年第３四半期,未改装,,6.944482672150168
39027414,中古マンション等,,39201,高知県,高知市,南ノ丸町,高知,30分?60分,２ＤＫ,45,,,,昭和49年,ＳＲＣ,住宅,,,,,工業地域,60.0,200.0,2008年第４四半期,未改装,,6.2552725051033065
39009918,中古マンション等,,39201,高知県,高知市,丸ノ内,入明,12,３ＬＤＫ,80,,,,平成17年,ＲＣ,住宅,住宅,,,,商業地域,80.0,400.0,2017年第１四半期,,,7.414973347970818
39009540,中古マンション等,,39201,高知県,高知市,比島町,高知,14,３ＬＤＫ,60,,,,平成4年,ＳＲＣ,住宅,住宅,,,,,,,2015年第２四半期,,,6.477121254719663
39005836,中古マンション等,,39201,高知県,高知市,薊野西町,薊野,5,,95,,,,,,,住宅,,,,第２種住居地域,,,2018年第４四半期,,,7.301029995663981
39022269,中古マンション等,,39201,高知県,高知市,比島町,高知,15,３ＬＤＫ,55,,,,平成5年,ＳＲＣ,住宅,,,,,第１種住居地域,60.0,200.0,2013年第１四半期,改装済,,6.954242509439325
39001490,中古マンション等,,39201,高知県,高知市,高須,高知,30分?60分,４ＬＤＫ,95,,,,平成16年,ＳＲＣ,住宅,,,,,準工業地域,60.0,200.0,2010年第４四半期,未改装,,7.3222192947339195
39027137,中古マンション等,,39201,高知県,高知市,廿代町,高知,11,１Ｋ,20,,,,平成2年,ＳＲＣ,住宅,,,,,商業地域,80.0,400.0,2007年第４四半期,未改装,,6.477121254719663
39026805,中古マンション等,,39201,高知県,高知市,神田,旭(高知),30分?60分,２ＤＫ,30,,,,昭和54年,鉄骨造,住宅,,,,,第１種中高層住居専用地域,60.0,200.0,2008年第３四半期,改装済,,7.361727836017593
39009868,中古マンション等,,39201,高知県,高知市,升形,入明,18,３ＤＫ,50,,,,平成2年,,,住宅,,,,商業地域,,,2020年第１四半期,改装済,,7.146128035678238
39003510,中古マンション等,,39201,高知県,高知市,鴨部,旭駅前通,12,３ＬＤＫ,70,,,,昭和52年,ＳＲＣ,住宅,,,,,第１種住居地域,60.0,200.0,2011年第４四半期,改装済,,6.748188027006201
39006845,中古マンション等,,39201,高知県,高知市,上町,円行寺口,16,,25,,,,平成3年,ＲＣ,住宅,,,,,第１種住居地域,60.0,200.0,2017年第１四半期,,,6.505149978319906
39027165,中古マンション等,,39201,高知県,高知市,針木東町,朝倉(ＪＲ),30分?60分,３ＬＤＫ,80,,,,平成15年,ＳＲＣ,住宅,,,,,準工業地域,60.0,200.0,2007年第３四半期,未改装,,7.301029995663981
39009519,中古マンション等,,39201,高知県,高知市,比島町,高知,10,２ＬＤＫ,55,,,,平成4年,ＳＲＣ,住宅,住宅,,,,近隣商業地域,80.0,200.0,2018年第３四半期,未改装,,7.079181246047625
39009531,中古マンション等,,39201,高知県,高知市,比島町,高知,15,３ＬＤＫ,80,,,,平成5年,ＳＲＣ,住宅,住宅,,,,第１種住居地域,60.0,200.0,2017年第１四半期,,,7.176091259055681
39000598,中古マンション等,,39201,高知県,高知市,南ノ丸町,高知,30分?60分,３ＤＫ,50,,,,昭和51年,ＳＲＣ,住宅,住宅,,,,工業地域,60.0,200.0,2014年第３四半期,未改装,,6.518513939877887
39007116,中古マンション等,,39201,高知県,高知市,九反田,高知,24,１ＬＤＫ,80,,,,,,,住宅,,,,第１種住居地域,60.0,200.0,2018年第３四半期,未改装,,7.447158031342219
39021677,中古マンション等,,39201,高知県,高知市,追手筋,高知,18,３ＬＤＫ,115,,,,昭和55年,ＳＲＣ,住宅,,,,,商業地域,80.0,500.0,2013年第１四半期,未改装,,7.146128035678238
39015419,中古マンション等,,39201,高知県,高知市,桜井町,高知,13,３ＬＤＫ,65,,,,平成2年,ＳＲＣ,住宅,,,,,近隣商業地域,80.0,300.0,2012年第４四半期,未改装,,6.986771734266245
39001993,中古マンション等,,39201,高知県,高知市,升形,円行寺口,20,３ＬＤＫ,70,,,,平成3年,ＲＣ,住宅,,,,,第１種住居地域,60.0,200.0,2010年第２四半期,未改装,,7.113943352306837
39024382,中古マンション等,,39201,高知県,高知市,北本町,高知,7,４ＬＤＫ,95,,,,平成20年,ＲＣ,住宅,,,,,近隣商業地域,80.0,300.0,2009年第１四半期,,,7.57978359661681
39026479,中古マンション等,,39201,高知県,高知市,薊野西町,薊野,5,４ＬＤＫ,95,,,,平成17年,ＲＣ,住宅,,,,,第２種住居地域,60.0,200.0,2007年第３四半期,未改装,,7.414973347970818
39000596,中古マンション等,,39201,高知県,高知市,南ノ丸町,高知,30分?60分,オープンフロア,480,,,,,ＳＲＣ,事務所,,,,,,,,2014年第３四半期,未改装,調停・競売等,5.278753600952829
39000123,中古マンション等,,39201,高知県,高知市,追手筋,高知,18,,310,,,,昭和55年,ＳＲＣ,その他,,,,,商業地域,80.0,500.0,2014年第４四半期,,,7.176091259055681
39006926,中古マンション等,,39201,高知県,高知市,鴨部,旭(高知),14,３ＬＤＫ,70,,,,昭和52年,ＳＲＣ,住宅,住宅,,,,第１種住居地域,60.0,200.0,2017年第２四半期,改装済,,6.903089986991944
39021739,中古マンション等,,39201,高知県,高知市,上町,円行寺口,16,１Ｋ,25,,,,平成3年,ＲＣ,住宅,,,,,第１種住居地域,60.0,200.0,2013年第３四半期,未改装,,5.505149978319906
39027160,中古マンション等,,39201,高知県,高知市,針木東町,朝倉(ＪＲ),30分?60分,４ＬＤＫ,90,,,,平成15年,ＳＲＣ,住宅,,,,,準工業地域,60.0,200.0,2008年第２四半期,未改装,調停・競売等,7.079181246047625
39009828,中古マンション等,,39201,高知県,高知市,本町,高知,15,１ＬＤＫ,55,,,,平成25年,ＲＣ,,,,,,商業地域,80.0,600.0,2017年第４四半期,改装済,,7.361727836017593
39006853,中古マンション等,,39201,高知県,高知市,上町,円行寺口,16,１Ｋ,20,,,,,ＲＣ,住宅,住宅,,,,第１種住居地域,60.0,200.0,2016年第１四半期,未改装,,6.3222192947339195
39008753,中古マンション等,,39201,高知県,高知市,廿代町,高知,13,１ＤＫ,20,,,,,ＳＲＣ,住宅,その他,,,,商業地域,80.0,400.0,2017年第４四半期,未改装,,6.301029995663981
39010004,中古マンション等,,39201,高知県,高知市,南御座,高知,25,,70,,,,,ＲＣ,住宅,住宅,,,,,,,2016年第３四半期,,,7.176091259055681
39009760,中古マンション等,,39201,高知県,高知市,二葉町,知寄町一丁目,2,２ＬＤＫ,60,,,,平成8年,ＳＲＣ,住宅,,,,,準工業地域,60.0,200.0,2015年第４四半期,未改装,,6.778151250383644
39015489,中古マンション等,,39201,高知県,高知市,桟橋通,高知,30分?60分,３ＬＤＫ,65,,,,平成13年,ＳＲＣ,住宅,,,,,商業地域,80.0,400.0,2012年第１四半期,未改装,,6.913813852383717
39026448,中古マンション等,,39201,高知県,高知市,旭町,旭(高知),7,４ＬＤＫ,80,,,,昭和61年,ＳＲＣ,住宅,,,,,近隣商業地域,80.0,300.0,2008年第３四半期,未改装,,7.113943352306837
39008898,中古マンション等,,39201,高知県,高知市,針木東町,朝倉(ＪＲ),30分?60分,４ＬＤＫ,90,,,,平成15年,ＳＲＣ,,住宅,,,,準工業地域,60.0,200.0,2017年第４四半期,未改装,,7.3222192947339195
39022388,中古マンション等,,39201,高知県,高知市,六泉寺町,高知,30分?60分,３ＬＤＫ,85,,,,平成10年,ＲＣ,住宅,,,,,第１種住居地域,60.0,200.0,2013年第３四半期,,,7.2552725051033065
39008897,中古マンション等,,39201,高知県,高知市,針木東町,朝倉(ＪＲ),30分?60分,３ＬＤＫ,80,,,,平成15年,ＳＲＣ,住宅,住宅,,,,準工業地域,60.0,200.0,2017年第４四半期,未改装,,7.176091259055681
39001081,中古マンション等,,39201,高知県,高知市,上町,円行寺口,16,１Ｋ,25,,,,平成3年,ＲＣ,住宅,,,,,第１種住居地域,60.0,200.0,2010年第４四半期,未改装,,6.544068044350276
39007984,中古マンション等,,39201,高知県,高知市,鷹匠町,高知,27,２ＬＤＫ,95,,,,平成16年,ＲＣ,住宅,住宅,,,,商業地域,80.0,400.0,2015年第３四半期,未改装,,7.477121254719663
39014265,中古マンション等,,39201,高知県,高知市,越前町,円行寺口,30分?60分,２ＬＤＫ,65,,,,,ＲＣ,住宅,,,,,商業地域,80.0,200.0,2012年第１四半期,,,7.361727836017593
39008642,中古マンション等,,39201,高知県,高知市,縄手町,旭(高知),8,３ＬＤＫ,85,,,,,,,住宅,,,,第１種中高層住居専用地域,60.0,200.0,2018年第１四半期,未改装,,7.301029995663981
39003364,中古マンション等,,39201,高知県,高知市,越前町,円行寺口,6,４ＬＤＫ,75,,,,平成22年,ＲＣ,住宅,,,,,近隣商業地域,80.0,300.0,2011年第２四半期,未改装,,7.491361693834273
39000574,中古マンション等,,39201,高知県,高知市,升形,円行寺口,21,３ＬＤＫ,70,,,,平成8年,ＲＣ,住宅,住宅,,,,第１種住居地域,60.0,200.0,2014年第３四半期,未改装,,7.146128035678238
39014628,中古マンション等,,39201,高知県,高知市,上町,円行寺口,18,１Ｋ,25,,,,平成3年,ＲＣ,住宅,,,,,第１種住居地域,60.0,200.0,2012年第１四半期,未改装,,6.491361693834273
39008899,中古マンション等,,39201,高知県,高知市,針木東町,朝倉(ＪＲ),30分?60分,３ＬＤＫ,80,,,,平成15年,ＳＲＣ,住宅,住宅,,,,準工業地域,60.0,200.0,2017年第１四半期,未改装,,7.204119982655925
39001361,中古マンション等,,39201,高知県,高知市,桟橋通,高知,24,３ＬＤＫ,85,,,,平成20年,ＲＣ,住宅,,,,,商業地域,80.0,400.0,2010年第１四半期,未改装,,7.361727836017593
39006438,中古マンション等,,39201,高知県,高知市,大谷公園町,朝倉(ＪＲ),30分?60分,３ＬＤＫ,70,,,,,ＲＣ,住宅,その他,,,,第１種中高層住居専用地域,60.0,200.0,2016年第２四半期,未改装,,6.977723605288848
39009525,中古マンション等,,39201,高知県,高知市,比島町,高知,10,３ＬＤＫ,75,,,,平成4年,ＳＲＣ,住宅,住宅,,,,近隣商業地域,80.0,200.0,2017年第４四半期,改装済,,7.230448921378274
39006658,中古マンション等,,39201,高知県,高知市,帯屋町,高知,18,２ＬＤＫ,85,,,,,ＲＣ,住宅,住宅,,,,,,,2017年第２四半期,改装済,,7.531478917042255
39005648,中古マンション等,,39201,高知県,高知市,朝倉西町,朝倉(ＪＲ),25,４ＬＤＫ,70,,,,平成3年,ＲＣ,,住宅,,,,第１種住居地域,60.0,200.0,2020年第２四半期,,,7.079181246047625
39005949,中古マンション等,,39201,高知県,高知市,愛宕山,高知,16,３ＬＤＫ,80,,,,平成20年,ＲＣ,住宅,住宅,,,,第１種中高層住居専用地域,60.0,200.0,2020年第２四半期,未改装,,7.477121254719663
39006958,中古マンション等,,39201,高知県,高知市,鴨部,旭(高知),15,３ＬＤＫ,70,,,,昭和52年,ＳＲＣ,住宅,住宅,,,,第１種中高層住居専用地域,60.0,200.0,2015年第２四半期,改装済,,6.763427993562937
39016659,中古マンション等,,39201,高知県,高知市,針木東町,朝倉(ＪＲ),30分?60分,１ＬＤＫ,80,,,,平成15年,ＳＲＣ,住宅,,,,,準工業地域,60.0,200.0,2012年第２四半期,改装済,,7.113943352306837
39024216,中古マンション等,,39201,高知県,高知市,愛宕山,高知,15,３ＬＤＫ,75,,,,平成20年,ＲＣ,住宅,,,,,第１種中高層住居専用地域,60.0,200.0,2009年第３四半期,未改装,,7.2552725051033065
39026695,中古マンション等,,39201,高知県,高知市,鴨部,旭(高知),21,２ＬＤＫ,70,,,,平成14年,ＳＲＣ,住宅,,,,,,,,2007年第２四半期,改装済,,7.079181246047625
39001137,中古マンション等,,39201,高知県,高知市,北川添,高知,30分?60分,４ＬＤＫ,85,,,,平成15年,ＲＣ,住宅,,,,,準工業地域,60.0,200.0,2010年第２四半期,未改装,,7.230448921378274
39000390,中古マンション等,,39201,高知県,高知市,中宝永町,高知,23,２ＬＤＫ,50,,,,平成2年,ＳＲＣ,住宅,住宅,,,,商業地域,80.0,400.0,2014年第２四半期,改装済,,6.9084850188786495
39021360,中古マンション等,,39201,高知県,高知市,朝倉,朝倉(ＪＲ),30分?60分,,60,,,,昭和62年,ＲＣ,住宅,,,,,近隣商業地域,80.0,200.0,2013年第１四半期,改装済,,6.939519252618618
39003931,中古マンション等,,39201,高知県,高知市,鷹匠町,大橋通,3,２ＤＫ,45,,,,昭和63年,ＳＲＣ,住宅,,,,,商業地域,80.0,400.0,2011年第４四半期,未改装,,6.903089986991944
39010165,中古マンション等,,39201,高知県,高知市,横浜,高知,1H?1H30,３ＬＤＫ,70,,,,平成14年,ＲＣ,住宅,住宅,,,,工業地域,60.0,200.0,2020年第２四半期,未改装,,7.2552725051033065
39010230,中古マンション等,,39201,高知県,高知市,吉田町,高知,18,３ＬＤＫ,70,,,,平成14年,ＲＣ,住宅,住宅,,,,第１種中高層住居専用地域,60.0,200.0,2015年第４四半期,未改装,,7.204119982655925
39003495,中古マンション等,,39201,高知県,高知市,鴨部,朝倉(ＪＲ),30分?60分,３ＬＤＫ,70,,,,平成9年,ＲＣ,住宅,,,,,準工業地域,60.0,200.0,2011年第３四半期,改装済,調停・競売等,6.8512583487190755
39000260,中古マンション等,,39201,高知県,高知市,桜馬場,入明,11,２ＬＤＫ,45,,,,平成4年,ＳＲＣ,住宅,住宅,,,,近隣商業地域,80.0,300.0,2014年第４四半期,,,7.041392685158225
39024739,中古マンション等,,39201,高知県,高知市,比島町,高知,10,３ＬＤＫ,75,,,,平成4年,ＳＲＣ,住宅,,,,,近隣商業地域,80.0,200.0,2009年第４四半期,未改装,,6.968482948553935
39008759,中古マンション等,,39201,高知県,高知市,廿代町,堀詰,9,１Ｒ,20,,,,昭和63年,ＳＲＣ,,住宅,,,,商業地域,80.0,400.0,2018年第２四半期,,,6.690196080028514
39027298,中古マンション等,,39201,高知県,高知市,比島町,高知,12,３ＬＤＫ,65,,,,平成5年,ＳＲＣ,住宅,,,,,第１種住居地域,60.0,200.0,2008年第４四半期,改装済,,6.991226075692495
39024381,中古マンション等,,39201,高知県,高知市,北本町,高知,7,３ＬＤＫ,80,,,,平成20年,ＲＣ,住宅,,,,,近隣商業地域,80.0,300.0,2009年第２四半期,未改装,,7.3222192947339195
39027417,中古マンション等,,39201,高知県,高知市,南ノ丸町,高知,30分?60分,３ＤＫ,50,,,,昭和51年,ＳＲＣ,住宅,,,,,工業地域,60.0,200.0,2008年第１四半期,未改装,,6.477121254719663
39009534,中古マンション等,,39201,高知県,高知市,比島町,高知,15,３ＬＤＫ,70,,,,平成5年,ＳＲＣ,住宅,住宅,,,,第１種住居地域,60.0,200.0,2016年第３四半期,未改装,,7.113943352306837
39006942,中古マンション等,,39201,高知県,高知市,鴨部,旭(高知),14,３ＬＤＫ,70,,,,昭和52年,ＳＲＣ,住宅,その他,,,,第１種住居地域,60.0,200.0,2016年第３四半期,未改装,,6.544068044350276
39005828,中古マンション等,,39201,高知県,高知市,薊野西町,薊野,5,４ＬＤＫ,95,,,,平成17年,ＳＲＣ,,住宅,,,,第２種住居地域,60.0,200.0,2019年第４四半期,未改装,,7.380211241711606
39006945,中古マンション等,,39201,高知県,高知市,鴨部,旭(高知),21,３ＬＤＫ,60,,,,平成6年,ＲＣ,住宅,住宅,,,,準工業地域,60.0,200.0,2016年第２四半期,改装済,,7.079181246047625
39004200,中古マンション等,,39201,高知県,高知市,針木東町,朝倉(ＪＲ),30分?60分,３ＬＤＫ,65,,,,昭和59年,ＲＣ,住宅,,,,,第１種中高層住居専用地域,60.0,200.0,2011年第４四半期,未改装,,6.681241237375588
39027424,中古マンション等,,39201,高知県,高知市,南はりまや町,高知,14,１Ｋ,15,,,,平成3年,ＳＲＣ,住宅,,,,,商業地域,80.0,400.0,2007年第２四半期,未改装,,6.361727836017593
39027159,中古マンション等,,39201,高知県,高知市,針木東町,朝倉(ＪＲ),30分?60分,３ＬＤＫ,80,,,,平成15年,ＳＲＣ,住宅,,,,,準工業地域,60.0,200.0,2008年第２四半期,未改装,,7.204119982655925
39005948,中古マンション等,,39201,高知県,高知市,愛宕山,高知,25,３ＬＤＫ,85,,,,平成18年,ＲＣ,住宅,住宅,,,,近隣商業地域,80.0,200.0,2020年第２四半期,改装済,,7.414973347970818
39006909,中古マンション等,,39201,高知県,高知市,鴨部,旭(高知),15,３ＬＤＫ,70,,,,昭和52年,ＳＲＣ,住宅,住宅,,,,第１種中高層住居専用地域,60.0,200.0,2019年第３四半期,改装済,,6.698970004336019
39006912,中古マンション等,,39201,高知県,高知市,鴨部,旭(高知),21,３ＬＤＫ,70,,,,昭和52年,ＳＲＣ,住宅,住宅,,,,第１種住居地域,60.0,200.0,2019年第１四半期,改装済,,7.146128035678238
39000263,中古マンション等,,39201,高知県,高知市,桜馬場,円行寺口,9,３Ｋ,40,,,,平成4年,ＳＲＣ,住宅,住宅,,,,近隣商業地域,80.0,300.0,2014年第３四半期,未改装,,6.886490725172482
39014731,中古マンション等,,39201,高知県,高知市,鴨部,高知商業前,23,３ＬＤＫ,70,,,,平成14年,ＳＲＣ,住宅,,,,,準工業地域,60.0,200.0,2012年第２四半期,未改装,,7.041392685158225
39005861,中古マンション等,,39201,高知県,高知市,薊野西町,薊野,5,４ＬＤＫ,95,,,,平成17年,ＳＲＣ,住宅,住宅,,,,第２種住居地域,60.0,200.0,2015年第１四半期,未改装,,7.278753600952829
39024449,中古マンション等,,39201,高知県,高知市,桟橋通,高知,,３ＬＤＫ,85,,,,平成20年,ＲＣ,住宅,,,,,,,,2009年第２四半期,未改装,,7.361727836017593
39006857,中古マンション等,,39201,高知県,高知市,上町,円行寺口,16,２ＤＫ,45,,,,平成3年,ＲＣ,住宅,住宅,,,,第１種住居地域,60.0,200.0,2015年第３四半期,改装済,,7.113943352306837
39010050,中古マンション等,,39201,高知県,高知市,南はりまや町,高知,13,１Ｋ,20,,,,,ＳＲＣ,住宅,住宅,,,,商業地域,80.0,400.0,2015年第４四半期,未改装,,6.342422680822207
39024358,中古マンション等,,39201,高知県,高知市,鴨部,,,３ＬＤＫ,70,,,,,ＲＣ,住宅,,,,,,,,2009年第３四半期,未改装,調停・競売等,6.724275869600789
39009945,中古マンション等,,39201,高知県,高知市,みづき,円行寺口,28,２ＬＤＫ,65,,,,平成16年,ＳＲＣ,住宅,住宅,,,,,,,2016年第１四半期,,,7.0
39024607,中古マンション等,,39201,高知県,高知市,廿代町,高知,12,３ＬＤＫ,70,,,,平成2年,ＳＲＣ,住宅,,,,,商業地域,80.0,400.0,2009年第３四半期,未改装,,7.079181246047625
39000417,中古マンション等,,39201,高知県,高知市,廿代町,高知,12,２ＤＫ,40,,,,平成2年,ＳＲＣ,住宅,,,,,商業地域,80.0,400.0,2014年第１四半期,改装済,,6.8750612633917
39013734,中古マンション等,,39201,高知県,高知市,薊野西町,薊野,5,４ＬＤＫ,95,,,,,ＲＣ,住宅,,,,,第２種住居地域,60.0,200.0,2012年第３四半期,未改装,,7.146128035678238
39009532,中古マンション等,,39201,高知県,高知市,比島町,高知,14,４ＬＤＫ,80,,,,平成5年,ＳＲＣ,住宅,住宅,,,,第１種住居地域,60.0,200.0,2017年第１四半期,未改装,,7.146128035678238
39022373,中古マンション等,,39201,高知県,高知市,横浜,高知,1H?1H30,３ＬＤＫ,70,,,,平成14年,ＲＣ,住宅,,,,,工業地域,60.0,200.0,2013年第４四半期,未改装,,7.079181246047625
39000129,中古マンション等,,39201,高知県,高知市,小津町,入明,9,オープンフロア,25,,,,昭和61年,ＲＣ,事務所,,,,,第１種住居地域,60.0,200.0,2014年第１四半期,未改装,,6.113943352306837
39026690,中古マンション等,,39201,高知県,高知市,鴨部,旭(高知),,４ＬＤＫ,70,,,,平成6年,ＲＣ,住宅,,,,,,,,2008年第４四半期,未改装,,6.8750612633917
39006638,中古マンション等,,39201,高知県,高知市,小津町,入明,5,２ＬＤＫ＋Ｓ,60,,,,平成25年,ＲＣ,住宅,住宅,,,,第１種住居地域,60.0,200.0,2017年第２四半期,未改装,,7.301029995663981
39003748,中古マンション等,,39201,高知県,高知市,神田,旭(高知),30分?60分,２ＤＫ,35,,,,昭和55年,鉄骨造,住宅,,,,,第１種中高層住居専用地域,60.0,200.0,2011年第１四半期,未改装,,6.146128035678238
39007427,中古マンション等,,39201,高知県,高知市,神田,旭(高知),30分?60分,,35,,,,昭和54年,鉄骨造,住宅,住宅,,,,第１種中高層住居専用地域,60.0,200.0,2016年第１四半期,未改装,,5.477121254719663
39022209,中古マンション等,,39201,高知県,高知市,針木東町,朝倉(ＪＲ),30分?60分,３ＬＤＫ,80,,,,平成15年,ＳＲＣ,住宅,,,,,準工業地域,60.0,200.0,2013年第２四半期,改装済,,7.146128035678238
39027163,中古マンション等,,39201,高知県,高知市,針木東町,朝倉(ＪＲ),30分?60分,３ＬＤＫ,80,,,,平成15年,ＳＲＣ,住宅,,,,,準工業地域,60.0,200.0,2007年第４四半期,未改装,,7.2552725051033065
39014262,中古マンション等,,39201,高知県,高知市,越前町,円行寺口,6,３ＬＤＫ,65,,,,,ＲＣ,住宅,,,,,,,,2012年第２四半期,未改装,,7.3979400086720375
39027415,中古マンション等,,39201,高知県,高知市,南ノ丸町,高知,30分?60分,３ＤＫ,50,,,,昭和49年,ＳＲＣ,住宅,,,,,工業地域,60.0,200.0,2008年第４四半期,未改装,,6.653212513775344
39007122,中古マンション等,,39201,高知県,高知市,九反田,高知,22,２ＬＤＫ,55,,,,平成19年,ＲＣ,住宅,住宅,,,,,,,2015年第１四半期,,,7.2552725051033065
39026643,中古マンション等,,39201,高知県,高知市,小津町,入明,11,１Ｋ,20,,,,昭和61年,ＲＣ,住宅,,,,,第１種住居地域,60.0,200.0,2007年第３四半期,未改装,,6.57978359661681
39004099,中古マンション等,,39201,高知県,高知市,縄手町,旭(高知),9,３ＬＤＫ,80,,,,平成19年,ＲＣ,住宅,,,,,第１種中高層住居専用地域,60.0,200.0,2011年第１四半期,未改装,調停・競売等,7.176091259055681
39000170,中古マンション等,,39201,高知県,高知市,北川添,高知,24,４ＬＤＫ,70,,,,平成15年,ＲＣ,住宅,,,,,準工業地域,60.0,200.0,2014年第３四半期,,,7.079181246047625
39022159,中古マンション等,,39201,高知県,高知市,中宝永町,高知,21,３ＬＤＫ,60,,,,平成2年,ＳＲＣ,住宅,,,,,商業地域,80.0,400.0,2013年第１四半期,改装済,,6.954242509439325
39004373,中古マンション等,,39201,高知県,高知市,比島町,高知,13,３ＬＤＫ,70,,,,平成5年,ＳＲＣ,住宅,,,,,第１種住居地域,60.0,200.0,2011年第４四半期,未改装,,7.079181246047625
39013637,中古マンション等,,39201,高知県,高知市,旭町,旭(高知),5,４ＬＤＫ,80,,,,昭和62年,ＳＲＣ,住宅,,,,,近隣商業地域,80.0,300.0,2012年第４四半期,未改装,,7.079181246047625
39001091,中古マンション等,,39201,高知県,高知市,上町,,,１ＤＫ,25,,,,平成3年,ＲＣ,住宅,,,,,,,,2010年第３四半期,改装済,,6.57978359661681
39027166,中古マンション等,,39201,高知県,高知市,針木東町,朝倉(ＪＲ),30分?60分,３ＬＤＫ,80,,,,平成15年,ＳＲＣ,住宅,,,,,準工業地域,60.0,200.0,2007年第３四半期,未改装,,7.113943352306837
39003112,中古マンション等,,39201,高知県,高知市,薊野西町,薊野,5,２ＬＤＫ,60,,,,平成17年,ＳＲＣ,住宅,,,,,第２種住居地域,60.0,200.0,2011年第１四半期,未改装,,7.2552725051033065
39001335,中古マンション等,,39201,高知県,高知市,桜井町,高知,11,３ＬＤＫ,75,,,,平成2年,ＳＲＣ,住宅,,,,,商業地域,80.0,400.0,2010年第２四半期,改装済,,7.079181246047625
39013838,中古マンション等,,39201,高知県,高知市,愛宕山,高知,16,４ＬＤＫ,85,,,,平成20年,ＲＣ,住宅,,,,,第１種中高層住居専用地域,60.0,200.0,2012年第３四半期,未改装,,7.431363764158987
39001921,中古マンション等,,39201,高知県,高知市,比島町,高知,13,３ＬＤＫ,65,,,,平成5年,ＳＲＣ,住宅,,,,,第１種住居地域,60.0,200.0,2010年第１四半期,未改装,,7.041392685158225
39008641,中古マンション等,,39201,高知県,高知市,縄手町,旭(高知),8,２ＬＤＫ,65,,,,,ＲＣ,住宅,,,,,第１種中高層住居専用地域,60.0,200.0,2018年第２四半期,未改装,,7.230448921378274
39024350,中古マンション等,,39201,高知県,高知市,上町,円行寺口,15,１ＤＫ,20,,,,平成3年,ＲＣ,住宅,,,,,第１種住居地域,60.0,200.0,2009年第４四半期,未改装,,6.3979400086720375
39024239,中古マンション等,,39201,高知県,高知市,一宮東町,土佐一宮,16,３ＬＤＫ,70,,,,昭和61年,ＲＣ,住宅,,,,,準工業地域,60.0,200.0,2009年第３四半期,未改装,,6.903089986991944
39024385,中古マンション等,,39201,高知県,高知市,北本町,,,３ＬＤＫ,80,,,,,ＲＣ,住宅,,,,,,,,2009年第２四半期,未改装,,7.278753600952829
39006625,中古マンション等,,39201,高知県,高知市,追手筋,高知,18,３ＬＤＫ,65,,,,昭和55年,ＳＲＣ,住宅,住宅,,,,商業地域,80.0,500.0,2015年第２四半期,,,6.799340549453582
39009523,中古マンション等,,39201,高知県,高知市,比島町,高知,15,３ＬＤＫ,65,,,,,ＳＲＣ,住宅,住宅,,,,第１種住居地域,60.0,200.0,2018年第１四半期,未改装,,6.929418925714293
39003356,中古マンション等,,39201,高知県,高知市,永国寺町,高知,12,,60,,,,平成16年,ＲＣ,住宅,,,,,第１種住居地域,60.0,200.0,2011年第３四半期,未改装,,7.146128035678238
39027169,中古マンション等,,39201,高知県,高知市,針木東町,朝倉(ＪＲ),30分?60分,３ＬＤＫ,80,,,,平成15年,ＳＲＣ,住宅,,,,,準工業地域,60.0,200.0,2007年第２四半期,未改装,,7.278753600952829
39006789,中古マンション等,,39201,高知県,高知市,葛島,高知,30分?60分,４ＬＤＫ,95,,,,平成15年,ＳＲＣ,住宅,住宅,,,,準工業地域,60.0,200.0,2016年第３四半期,未改装,,7.2552725051033065
39007553,中古マンション等,,39201,高知県,高知市,堺町,高知,14,１Ｋ,35,,,,,ＳＲＣ,住宅,住宅,,,,,,,2016年第２四半期,未改装,,5.903089986991944
39000561,中古マンション等,,39201,高知県,高知市,二葉町,高知,28,３ＬＤＫ,70,,,,昭和49年,ＳＲＣ,住宅,住宅,,,,準工業地域,60.0,200.0,2014年第４四半期,,,6.763427993562937
39001359,中古マンション等,,39201,高知県,高知市,桟橋通,高知,25,３ＬＤＫ,90,,,,,ＲＣ,住宅,,,,,商業地域,80.0,400.0,2010年第２四半期,未改装,,7.414973347970818
39000033,中古マンション等,,39201,高知県,高知市,旭町,旭(高知),6,２ＬＤＫ,65,,,,昭和61年,ＳＲＣ,住宅,住宅,,,,近隣商業地域,80.0,200.0,2014年第３四半期,改装済,,7.079181246047625
39007979,中古マンション等,,39201,高知県,高知市,鷹匠町,高知,21,３ＬＤＫ,60,,,,昭和63年,ＳＲＣ,住宅,住宅,,,,商業地域,80.0,400.0,2020年第２四半期,改装済,,6.991226075692495
39024740,中古マンション等,,39201,高知県,高知市,比島町,高知,9,２ＬＤＫ,55,,,,平成4年,ＳＲＣ,住宅,,,,,近隣商業地域,80.0,200.0,2009年第３四半期,未改装,,6.968482948553935
39005768,中古マンション等,,39201,高知県,高知市,旭町,旭(高知),6,,75,,,,昭和61年,ＳＲＣ,住宅,住宅,,,,近隣商業地域,80.0,200.0,2017年第４四半期,未改装,,7.0
39021773,中古マンション等,,39201,高知県,高知市,北川添,高知,24,３ＬＤＫ,60,,,,平成15年,ＲＣ,住宅,,,,,準工業地域,60.0,200.0,2013年第２四半期,未改装,調停・競売等,7.041392685158225
39027302,中古マンション等,,39201,高知県,高知市,比島町,高知,12,３ＬＤＫ,70,,,,平成5年,ＳＲＣ,住宅,,,,,,60.0,200.0,2008年第１四半期,改装済,,7.079181246047625
39007099,中古マンション等,,39201,高知県,高知市,北本町,高知,16,５ＬＤＫ,85,,,,平成7年,ＲＣ,住宅,住宅,,,,,,,2015年第４四半期,,,7.113943352306837
39010016,中古マンション等,,39201,高知県,高知市,南ノ丸町,高知,30分?60分,１ＬＤＫ,45,,,,昭和49年,ＳＲＣ,住宅,住宅,,,,工業地域,60.0,200.0,2020年第１四半期,未改装,調停・競売等,6.146128035678238
39005658,中古マンション等,,39201,高知県,高知市,朝倉西町,朝倉(ＪＲ),25,,70,,,,平成3年,ＲＣ,住宅,住宅,,,,第１種住居地域,60.0,200.0,2016年第３四半期,,,7.041392685158225
39026852,中古マンション等,,39201,高知県,高知市,相模町,入明,8,３ＬＤＫ,70,,,,平成15年,ＲＣ,住宅,,,,,第１種中高層住居専用地域,60.0,200.0,2007年第３四半期,未改装,,7.361727836017593
39026478,中古マンション等,,39201,高知県,高知市,薊野西町,薊野,5,４ＬＤＫ,95,,,,平成17年,ＳＲＣ,住宅,,,,,第２種住居地域,60.0,200.0,2007年第４四半期,未改装,,7.3222192947339195
39006972,中古マンション等,,39201,高知県,高知市,鴨部,高知商業前,18,,70,,,,,ＳＲＣ,住宅,住宅,,,,,,,2016年第３四半期,,,6.991226075692495
39003367,中古マンション等,,39201,高知県,高知市,越前町,円行寺口,6,４ＬＤＫ,75,,,,平成22年,ＲＣ,住宅,,,,,近隣商業地域,80.0,300.0,2011年第１四半期,未改装,,7.491361693834273
39021793,中古マンション等,,39201,高知県,高知市,北本町,高知,10,４ＬＤＫ,85,,,,平成7年,ＲＣ,住宅,,,,,準工業地域,60.0,200.0,2013年第４四半期,未改装,,7.146128035678238
39001785,中古マンション等,,39201,高知県,高知市,針木東町,朝倉(ＪＲ),30分?60分,３ＬＤＫ,80,,,,,ＳＲＣ,住宅,,,,,,,,2010年第３四半期,未改装,,7.146128035678238
39008568,中古マンション等,,39201,高知県,高知市,中宝永町,高知,23,２ＬＤＫ,45,,,,平成2年,ＳＲＣ,住宅,,,,,商業地域,80.0,400.0,2017年第４四半期,,,6.778151250383644
39014702,中古マンション等,,39201,高知県,高知市,鴨部,旭(高知),16,３ＬＤＫ,70,,,,昭和52年,ＳＲＣ,住宅,,,,,第１種住居地域,60.0,200.0,2012年第２四半期,改装済,,6.913813852383717
39009533,中古マンション等,,39201,高知県,高知市,比島町,高知,15,３ＬＤＫ,65,,,,平成5年,ＳＲＣ,住宅,,,,,第１種住居地域,60.0,200.0,2016年第４四半期,改装済,,7.113943352306837
39006907,中古マンション等,,39201,高知県,高知市,鴨部,旭(高知),19,２ＬＤＫ,60,,,,平成6年,ＲＣ,住宅,住宅,,,,第１種中高層住居専用地域,60.0,200.0,2019年第４四半期,未改装,,6.903089986991944
39006891,中古マンション等,,39201,高知県,高知市,鴨部,朝倉(ＪＲ),30分?60分,３ＬＤＫ,80,,,,平成14年,ＳＲＣ,住宅,住宅,,,,準工業地域,60.0,200.0,2015年第１四半期,未改装,,7.113943352306837
39007114,中古マンション等,,39201,高知県,高知市,九反田,高知,24,１ＤＫ,55,,,,平成19年,ＲＣ,住宅,住宅,,,,第１種住居地域,60.0,200.0,2020年第２四半期,未改装,,7.230448921378274
39006791,中古マンション等,,39201,高知県,高知市,葛島,高知,30分?60分,３ＬＤＫ,75,,,,平成15年,ＳＲＣ,住宅,住宅,,,,準工業地域,60.0,200.0,2016年第２四半期,未改装,,7.146128035678238
39026669,中古マンション等,,39201,高知県,高知市,葛島,高知,30分?60分,４ＬＤＫ,90,,,,平成13年,ＲＣ,住宅,,,,,近隣商業地域,80.0,200.0,2007年第４四半期,未改装,,7.176091259055681
39027467,中古マンション等,,39201,高知県,高知市,六泉寺町,高知,30分?60分,３ＬＤＫ,75,,,,平成10年,ＲＣ,住宅,,,,,第１種住居地域,60.0,200.0,2008年第２四半期,改装済,,7.146128035678238
39010229,中古マンション等,,39201,高知県,高知市,吉田町,高知,18,３ＬＤＫ,85,,,,平成14年,ＲＣ,住宅,住宅,,,,第１種中高層住居専用地域,60.0,200.0,2017年第１四半期,未改装,,7.380211241711606
39024201,中古マンション等,,39201,高知県,高知市,薊野西町,薊野,5,４ＬＤＫ,95,,,,平成17年,ＲＣ,住宅,,,,,第２種住居地域,60.0,200.0,2009年第３四半期,未改装,,7.2552725051033065
39007982,中古マンション等,,39201,高知県,高知市,鷹匠町,高知,21,２ＤＫ,45,,,,昭和63年,ＳＲＣ,,住宅,,,,商業地域,80.0,400.0,2018年第３四半期,,,6.8750612633917
39004201,中古マンション等,,39201,高知県,高知市,針木東町,朝倉(ＪＲ),30分?60分,３ＬＤＫ,80,,,,平成15年,ＳＲＣ,住宅,,,,,準工業地域,60.0,200.0,2011年第３四半期,未改装,,7.113943352306837
39006580,中古マンション等,,39201,高知県,高知市,大津,舟戸,4,３ＬＤＫ,75,,,,平成13年,ＲＣ,,,,,,第１種住居地域,60.0,200.0,2017年第４四半期,改装済,,7.176091259055681
39024789,中古マンション等,,39201,高知県,高知市,南ノ丸町,高知,30分?60分,２ＬＤＫ,40,,,,昭和49年,ＳＲＣ,住宅,,,,,工業地域,60.0,200.0,2009年第３四半期,未改装,,6.2552725051033065
39026733,中古マンション等,,39201,高知県,高知市,北本町,夜須,4,２ＬＤＫ,55,,,,昭和58年,ＳＲＣ,住宅,,,,,商業地域,80.0,400.0,2007年第４四半期,改装済,,6.954242509439325
39004543,中古マンション等,,39201,高知県,高知市,六泉寺町,高知,30分?60分,３ＬＤＫ,85,,,,平成10年,ＲＣ,住宅,,,,,第１種住居地域,60.0,200.0,2011年第１四半期,未改装,,7.041392685158225
39004166,中古マンション等,,39201,高知県,高知市,廿代町,高知,13,１Ｋ,20,,,,平成2年,ＳＲＣ,住宅,,,,,商業地域,80.0,400.0,2011年第２四半期,改装済,,6.544068044350276
39013641,中古マンション等,,39201,高知県,高知市,旭町,旭(高知),7,４ＬＤＫ,80,,,,,ＳＲＣ,住宅,,,,,第１種住居地域,60.0,200.0,2012年第１四半期,未改装,,6.991226075692495
39006578,中古マンション等,,39201,高知県,高知市,大津,舟戸,4,３ＬＤＫ,75,,,,平成13年,ＲＣ,,住宅,,,,第１種住居地域,60.0,200.0,2020年第２四半期,未改装,,7.204119982655925
39017125,中古マンション等,,39201,高知県,高知市,比島町,高知,15,３ＬＤＫ,70,,,,平成5年,ＳＲＣ,住宅,,,,,第１種住居地域,60.0,200.0,2012年第３四半期,未改装,,7.079181246047625
39003052,中古マンション等,,39201,高知県,高知市,旭町,旭(高知),7,３ＬＤＫ,70,,,,昭和61年,ＳＲＣ,住宅,,,,,近隣商業地域,80.0,300.0,2011年第２四半期,未改装,,7.079181246047625
39024182,中古マンション等,,39201,高知県,高知市,朝倉西町,朝倉(ＪＲ),25,４ＬＤＫ,70,,,,平成3年,ＲＣ,住宅、店舗、その他,,,,,第１種住居地域,60.0,200.0,2009年第３四半期,未改装,調停・競売等,6.903089986991944
39010018,中古マンション等,,39201,高知県,高知市,南ノ丸町,高知,30分?60分,オープンフロア,105,,,,,ＳＲＣ,事務所,事務所,,,,工業地域,60.0,200.0,2017年第４四半期,未改装,,6.518513939877887
39026602,中古マンション等,,39201,高知県,高知市,大谷公園町,朝倉(ＪＲ),25,４ＬＤＫ,70,,,,平成8年,ＲＣ,住宅,,,,,第１種中高層住居専用地域,60.0,200.0,2008年第１四半期,未改装,,7.0
39001357,中古マンション等,,39201,高知県,高知市,桟橋通,高知,23,４ＬＤＫ,85,,,,平成20年,ＲＣ,住宅,,,,,商業地域,80.0,400.0,2010年第２四半期,未改装,,7.361727836017593
39005829,中古マンション等,,39201,高知県,高知市,薊野西町,薊野,5,２ＬＤＫ,75,,,,平成17年,ＲＣ,住宅,住宅,,,,第２種住居地域,60.0,200.0,2019年第３四半期,改装済,,7.301029995663981
39026833,中古マンション等,,39201,高知県,高知市,神田,,,２ＤＫ,30,,,,,鉄骨造,住宅,,,,,,,,2007年第３四半期,改装済,,6.301029995663981
39014242,中古マンション等,,39201,高知県,高知市,永国寺町,入明,15,２ＬＤＫ,75,,,,平成16年,ＲＣ,住宅,,,,,第１種住居地域,60.0,200.0,2012年第１四半期,未改装,,7.230448921378274
39026480,中古マンション等,,39201,高知県,高知市,薊野西町,薊野,5,４ＬＤＫ,95,,,,平成16年,ＳＲＣ,住宅,,,,,第２種住居地域,60.0,200.0,2007年第３四半期,未改装,,7.380211241711606
39001133,中古マンション等,,39201,高知県,高知市,北川添,薊野,15,４ＬＤＫ,85,,,,平成15年,ＲＣ,住宅,,,,,準工業地域,60.0,200.0,2010年第２四半期,未改装,,7.301029995663981
39002045,中古マンション等,,39201,高知県,高知市,南御座,高知,24,２ＬＤＫ,55,,,,平成16年,ＲＣ,住宅,,,,,準工業地域,60.0,200.0,2010年第２四半期,未改装,,7.113943352306837
39026447,中古マンション等,,39201,高知県,高知市,旭町,旭(高知),7,３ＬＤＫ,70,,,,昭和61年,ＳＲＣ,住宅,,,,,近隣商業地域,80.0,300.0,2008年第３四半期,改装済,,7.079181246047625
39006648,中古マンション等,,39201,高知県,高知市,小津町,入明,6,４ＬＤＫ,80,,,,平成25年,ＲＣ,住宅,住宅,,,,第１種住居地域,60.0,200.0,2015年第３四半期,未改装,,7.447158031342219
39017123,中古マンション等,,39201,高知県,高知市,比島町,高知,14,３ＬＤＫ,65,,,,平成5年,ＳＲＣ,住宅,,,,,第１種住居地域,60.0,200.0,2012年第４四半期,未改装,,6.903089986991944
39000597,中古マンション等,,39201,高知県,高知市,南ノ丸町,高知,30分?60分,２ＤＫ,40,,,,昭和49年,ＳＲＣ,住宅,住宅,,,,工業地域,60.0,200.0,2014年第３四半期,未改装,,6.342422680822207
39007335,中古マンション等,,39201,高知県,高知市,神田,旭(高知),2,,30,,,,昭和59年,鉄骨造,,住宅,,,,第１種中高層住居専用地域,60.0,200.0,2019年第１四半期,,,5.929418925714293
39006950,中古マンション等,,39201,高知県,高知市,鴨部,旭(高知),19,,70,,,,,ＳＲＣ,住宅,住宅,,,,第１種住居地域,60.0,200.0,2015年第４四半期,,,6.880813592280791
39006911,中古マンション等,,39201,高知県,高知市,鴨部,旭(高知),19,４ＬＤＫ,70,,,,平成6年,ＲＣ,住宅,住宅,,,,第１種中高層住居専用地域,60.0,200.0,2019年第１四半期,未改装,,7.0
39009886,中古マンション等,,39201,高知県,高知市,升形,高知,28,１ＤＫ,30,,,,,ＳＲＣ,住宅,住宅,,,,,,,2017年第２四半期,未改装,,7.041392685158225
39007981,中古マンション等,,39201,高知県,高知市,鷹匠町,高知,26,３ＬＤＫ,95,,,,平成16年,ＲＣ,,住宅,,,,商業地域,80.0,400.0,2020年第１四半期,未改装,,7.477121254719663
39000817,中古マンション等,,39201,高知県,高知市,愛宕山,,,２ＬＤＫ,70,,,,,ＲＣ,住宅,,,,,,,,2010年第２四半期,,,7.2552725051033065
39000980,中古マンション等,,39201,高知県,高知市,大谷公園町,朝倉(ＪＲ),25,３ＬＤＫ,65,,,,平成8年,ＲＣ,住宅,,,,,第１種中高層住居専用地域,60.0,200.0,2010年第４四半期,未改装,,6.892094602690481
39006643,中古マンション等,,39201,高知県,高知市,小津町,入明,7,４ＬＤＫ,100,,,,平成27年,ＲＣ,住宅,住宅,,,,近隣商業地域,80.0,300.0,2016年第３四半期,未改装,,7.6020599913279625
39027079,中古マンション等,,39201,高知県,高知市,中宝永町,高知,23,３ＬＤＫ,55,,,,平成2年,ＳＲＣ,住宅,,,,,商業地域,80.0,400.0,2008年第１四半期,未改装,,7.041392685158225
39015813,中古マンション等,,39201,高知県,高知市,鷹匠町,高知,21,４ＬＤＫ,80,,,,昭和63年,ＳＲＣ,住宅,,,,,商業地域,80.0,400.0,2012年第３四半期,未改装,,7.113943352306837
39026694,中古マンション等,,39201,高知県,高知市,鴨部,旭(高知),21,５ＬＤＫ,85,,,,平成6年,ＲＣ,住宅,,,,,準工業地域,60.0,200.0,2007年第２四半期,未改装,,7.079181246047625
39006900,中古マンション等,,39201,高知県,高知市,鴨部,旭(高知),15,３ＬＤＫ,70,,,,昭和52年,ＳＲＣ,住宅,,,,,第１種中高層住居専用地域,60.0,200.0,2020年第２四半期,未改装,,6.778151250383644
39015482,中古マンション等,,39201,高知県,高知市,桟橋通,高知,30分?60分,３ＬＤＫ,65,,,,平成13年,ＳＲＣ,住宅,,,,,商業地域,80.0,400.0,2012年第２四半期,改装済,,6.954242509439325
39026864,中古マンション等,,39201,高知県,高知市,桜馬場,円行寺口,10,１Ｋ,20,,,,平成4年,ＳＲＣ,住宅,,,,,近隣商業地域,80.0,300.0,2008年第１四半期,改装済,,5.633468455579586
39007098,中古マンション等,,39201,高知県,高知市,北本町,高知,16,２ＬＤＫ,70,,,,平成7年,ＲＣ,住宅,住宅,,,,,,,2015年第４四半期,,,7.113943352306837
39005773,中古マンション等,,39201,高知県,高知市,旭町,旭(高知),6,２ＬＤＫ,75,,,,昭和61年,ＳＲＣ,住宅,住宅,,,,近隣商業地域,80.0,200.0,2016年第２四半期,改装済,,7.204119982655925
39024379,中古マンション等,,39201,高知県,高知市,北本町,高知,7,３ＬＤＫ,80,,,,平成20年,ＲＣ,住宅,,,,,近隣商業地域,80.0,300.0,2009年第２四半期,,,7.3222192947339195
39024376,中古マンション等,,39201,高知県,高知市,北本町,高知,7,３ＬＤＫ,80,,,,平成20年,ＲＣ,住宅,,,,,近隣商業地域,80.0,300.0,2009年第２四半期,未改装,,7.230448921378274
39007650,中古マンション等,,39201,高知県,高知市,桟橋通,高知,22,４ＬＤＫ,80,,,,昭和59年,ＳＲＣ,住宅,住宅,,,,商業地域,80.0,400.0,2016年第１四半期,未改装,,6.892094602690481
39009879,中古マンション等,,39201,高知県,高知市,升形,入明,20,３ＬＤＫ,75,,,,平成3年,ＲＣ,住宅,住宅,,,,第１種住居地域,60.0,200.0,2016年第３四半期,,,7.146128035678238
39006341,中古マンション等,,39201,高知県,高知市,潮新町,高知,24,３ＬＤＫ,70,,,,平成14年,ＳＲＣ,住宅,,,,,商業地域,80.0,400.0,2015年第１四半期,,,7.176091259055681
39013529,中古マンション等,,39201,高知県,高知市,朝倉西町,朝倉(ＪＲ),25,４ＬＤＫ,70,,,,平成3年,ＲＣ,住宅,,,,,第１種住居地域,60.0,200.0,2012年第４四半期,未改装,,6.857332496431268
39003502,中古マンション等,,39201,高知県,高知市,鴨部,旭(高知),15,３ＬＤＫ,70,,,,昭和52年,ＳＲＣ,住宅,,,,,第１種住居地域,60.0,200.0,2011年第２四半期,改装済,,6.477121254719663
39024374,中古マンション等,,39201,高知県,高知市,北本町,高知,15,２ＬＤＫ,70,,,,平成7年,ＲＣ,住宅,,,,,準工業地域,60.0,200.0,2009年第４四半期,改装済,,7.146128035678238
39000592,中古マンション等,,39201,高知県,高知市,南御座,高知,25,４ＬＤＫ,90,,,,平成14年,ＲＣ,住宅,住宅,,,,準工業地域,60.0,200.0,2014年第１四半期,未改装,,7.2552725051033065
39006957,中古マンション等,,39201,高知県,高知市,鴨部,旭(高知),21,３ＬＤＫ,70,,,,平成6年,ＲＣ,住宅,住宅,,,,準工業地域,60.0,200.0,2015年第２四半期,未改装,,7.079181246047625
39024378,中古マンション等,,39201,高知県,高知市,北本町,高知,,４ＬＤＫ,90,,,,平成7年,ＲＣ,住宅,,,,,,,,2009年第２四半期,未改装,,7.204119982655925
39027170,中古マンション等,,39201,高知県,高知市,針木東町,朝倉(ＪＲ),30分?60分,３ＬＤＫ,80,,,,平成15年,ＳＲＣ,住宅,,,,,準工業地域,60.0,200.0,2007年第２四半期,未改装,,7.301029995663981
39007076,中古マンション等,,39201,高知県,高知市,北本町,高知,8,４ＬＤＫ,100,,,,平成20年,ＲＣ,住宅,住宅,,,,近隣商業地域,80.0,300.0,2018年第３四半期,未改装,,7.462397997898956
39027299,中古マンション等,,39201,高知県,高知市,比島町,高知,12,３ＬＤＫ,80,,,,平成5年,ＳＲＣ,住宅,,,,,第１種住居地域,60.0,200.0,2008年第３四半期,未改装,,7.146128035678238
39001134,中古マンション等,,39201,高知県,高知市,北川添,薊野,12,４ＬＤＫ,85,,,,平成15年,ＲＣ,住宅,,,,,準工業地域,60.0,200.0,2010年第２四半期,未改装,,7.278753600952829
39007606,中古マンション等,,39201,高知県,高知市,桜馬場,入明,11,１Ｋ,20,,,,平成4年,ＳＲＣ,,住宅,,,,近隣商業地域,80.0,300.0,2018年第４四半期,改装済,,6.477121254719663
39022210,中古マンション等,,39201,高知県,高知市,針木東町,朝倉(ＪＲ),30分?60分,３ＬＤＫ,80,,,,平成15年,ＳＲＣ,住宅,,,,,準工業地域,60.0,200.0,2013年第１四半期,未改装,,7.079181246047625
39027167,中古マンション等,,39201,高知県,高知市,針木東町,朝倉(ＪＲ),30分?60分,３ＬＤＫ,80,,,,平成15年,ＳＲＣ,住宅,,,,,準工業地域,60.0,200.0,2007年第３四半期,未改装,,7.301029995663981
39004381,中古マンション等,,39201,高知県,高知市,比島町,高知,14,３ＬＤＫ,65,,,,平成5年,ＳＲＣ,住宅,,,,,第１種住居地域,60.0,200.0,2011年第１四半期,未改装,,7.113943352306837
39003492,中古マンション等,,39201,高知県,高知市,鴨部,朝倉(ＪＲ),19,４ＬＤＫ,70,,,,平成4年,ＲＣ,住宅,,,,,第２種中高層住居専用地域,60.0,200.0,2011年第４四半期,改装済,,7.041392685158225
39004374,中古マンション等,,39201,高知県,高知市,比島町,高知,10,２ＬＤＫ,55,,,,平成4年,ＳＲＣ,住宅,,,,,近隣商業地域,80.0,300.0,2011年第４四半期,未改装,,6.991226075692495
39017589,中古マンション等,,39201,高知県,高知市,南御座,高知,25,４ＬＤＫ,80,,,,平成14年,ＲＣ,住宅,,,,,準工業地域,60.0,200.0,2012年第２四半期,未改装,,7.041392685158225
39009874,中古マンション等,,39201,高知県,高知市,升形,入明,20,,65,,,,平成3年,ＲＣ,住宅,住宅,,,,第１種住居地域,60.0,200.0,2017年第２四半期,未改装,,7.0
39014470,中古マンション等,,39201,高知県,高知市,帯屋町,高知,18,２ＬＤＫ,85,,,,平成21年,ＲＣ,住宅,,,,,商業地域,80.0,500.0,2012年第３四半期,改装済,,7.491361693834273
39008750,中古マンション等,,39201,高知県,高知市,廿代町,高知,12,,40,,,,平成2年,ＳＲＣ,住宅,住宅,,,,商業地域,80.0,400.0,2019年第２四半期,未改装,,6.763427993562937
39000162,中古マンション等,,39201,高知県,高知市,鴨部,旭(高知),15,３ＬＤＫ,70,,,,,ＳＲＣ,住宅,,,,,,,,2014年第１四半期,未改装,,6.845098040014257
39026432,中古マンション等,,39201,高知県,高知市,朝倉西町,朝倉(ＪＲ),25,３ＬＤＫ,70,,,,平成3年,ＲＣ,住宅,,,,,第１種住居地域,60.0,200.0,2007年第２四半期,未改装,,7.041392685158225
39009961,中古マンション等,,39201,高知県,高知市,南川添,高知,25,２ＬＤＫ,55,,,,平成31年,,,住宅,,,,準工業地域,60.0,200.0,2019年第４四半期,,,7.3979400086720375
39024190,中古マンション等,,39201,高知県,高知市,旭町,旭駅前通,2,１ＬＤＫ,60,,,,昭和61年,ＳＲＣ,住宅,,,,,近隣商業地域,80.0,300.0,2009年第４四半期,改装済,,6.903089986991944
39007574,中古マンション等,,39201,高知県,高知市,相模町,高知,19,４ＬＤＫ,85,,,,平成15年,ＲＣ,住宅,住宅,,,,第１種中高層住居専用地域,60.0,200.0,2015年第２四半期,改装済,,7.380211241711606
39006436,中古マンション等,,39201,高知県,高知市,大谷公園町,朝倉(ＪＲ),25,１ＬＤＫ,70,,,,平成8年,ＲＣ,住宅,住宅,,,,第１種中高層住居専用地域,60.0,200.0,2017年第４四半期,未改装,,6.778151250383644
39001730,中古マンション等,,39201,高知県,高知市,廿代町,高知,14,１Ｋ,20,,,,昭和63年,ＳＲＣ,住宅,,,,,商業地域,80.0,400.0,2010年第２四半期,未改装,,6.431363764158987
39007074,中古マンション等,,39201,高知県,高知市,北本町,高知,6,３ＬＤＫ,65,,,,昭和58年,ＳＲＣ,住宅,住宅,,,,商業地域,,,2019年第１四半期,改装済,,7.230448921378274
